gene_id,module_color
ENSG00000172432,turquoise
ENSG00000289332,turquoise
ENSG00000173621,turquoise
ENSG00000138385,turquoise
ENSG00000010295,grey
ENSG00000288770,grey
ENSG00000128585,black
ENSG00000077080,turquoise
ENSG00000148481,turquoise
ENSG00000204427,turquoise
ENSG00000261678,turquoise
ENSG00000197142,green
ENSG00000140386,turquoise
ENSG00000021355,green
ENSG00000102349,turquoise
ENSG00000238083,grey
ENSG00000182698,turquoise
ENSG00000271200,grey
ENSG00000052802,turquoise
ENSG00000309908,turquoise
ENSG00000253649,turquoise
ENSG00000224078,turquoise
ENSG00000153933,turquoise
ENSG00000133056,blue
ENSG00000299860,pink
ENSG00000011105,turquoise
ENSG00000110048,turquoise
ENSG00000164828,turquoise
ENSG00000070808,turquoise
ENSG00000198682,grey
ENSG00000168781,turquoise
ENSG00000126432,turquoise
ENSG00000090238,turquoise
ENSG00000227001,grey
ENSG00000109083,turquoise
ENSG00000135324,turquoise
ENSG00000204344,turquoise
ENSG00000286647,turquoise
ENSG00000157303,red
ENSG00000065621,turquoise
ENSG00000113319,turquoise
ENSG00000232931,blue
ENSG00000206680,grey
ENSG00000078699,turquoise
ENSG00000161914,turquoise
ENSG00000286736,turquoise
ENSG00000171824,blue
ENSG00000159685,turquoise
ENSG00000183166,turquoise
ENSG00000128482,turquoise
ENSG00000091137,turquoise
ENSG00000133398,turquoise
ENSG00000106536,turquoise
ENSG00000006283,turquoise
ENSG00000213888,turquoise
ENSG00000038002,blue
ENSG00000132434,turquoise
ENSG00000198168,turquoise
ENSG00000204386,turquoise
ENSG00000166006,turquoise
ENSG00000289880,grey
ENSG00000185900,turquoise
ENSG00000182923,turquoise
ENSG00000206530,turquoise
ENSG00000242142,grey
ENSG00000213397,turquoise
ENSG00000288831,turquoise
ENSG00000111788,grey
ENSG00000225656,brown
ENSG00000161981,turquoise
ENSG00000279656,grey
ENSG00000139567,green
ENSG00000172936,green
ENSG00000309556,grey
ENSG00000168000,turquoise
ENSG00000067082,grey
ENSG00000183018,turquoise
ENSG00000116299,turquoise
ENSG00000174173,turquoise
ENSG00000293847,grey
ENSG00000066382,turquoise
ENSG00000171603,turquoise
ENSG00000138400,turquoise
ENSG00000275183,turquoise
ENSG00000122644,turquoise
ENSG00000147027,black
ENSG00000132975,turquoise
ENSG00000227487,blue
ENSG00000108666,turquoise
ENSG00000238018,blue
ENSG00000169035,turquoise
ENSG00000183077,blue
ENSG00000136710,turquoise
ENSG00000105499,blue
ENSG00000229119,grey
ENSG00000077235,grey
ENSG00000137574,turquoise
ENSG00000166685,turquoise
ENSG00000269091,turquoise
ENSG00000137965,grey
ENSG00000135116,turquoise
ENSG00000158286,turquoise
ENSG00000043591,turquoise
ENSG00000161638,green
ENSG00000164877,grey
ENSG00000308569,grey
ENSG00000211677,grey
ENSG00000239194,grey
ENSG00000108591,turquoise
ENSG00000185189,blue
ENSG00000132872,turquoise
ENSG00000243389,turquoise
ENSG00000198189,turquoise
ENSG00000156876,blue
ENSG00000130816,turquoise
ENSG00000112796,turquoise
ENSG00000160349,grey
ENSG00000104728,brown
ENSG00000105613,turquoise
ENSG00000254461,turquoise
ENSG00000286403,red
ENSG00000176268,grey
ENSG00000198492,turquoise
ENSG00000110328,turquoise
ENSG00000273295,grey
ENSG00000163563,red
ENSG00000141447,turquoise
ENSG00000261600,grey
ENSG00000177646,turquoise
ENSG00000178966,turquoise
ENSG00000180440,turquoise
ENSG00000229413,blue
ENSG00000138496,green
ENSG00000143036,yellow
ENSG00000006071,turquoise
ENSG00000182983,blue
ENSG00000091527,turquoise
ENSG00000180902,turquoise
ENSG00000234224,brown
ENSG00000076716,black
ENSG00000103423,turquoise
ENSG00000166482,grey
ENSG00000265452,grey
ENSG00000167131,turquoise
ENSG00000135049,turquoise
ENSG00000089847,turquoise
ENSG00000305941,grey
ENSG00000070669,turquoise
ENSG00000100097,turquoise
ENSG00000272182,brown
ENSG00000152193,turquoise
ENSG00000231925,turquoise
ENSG00000145545,turquoise
ENSG00000144230,grey
ENSG00000289612,grey
ENSG00000160284,turquoise
ENSG00000161057,turquoise
ENSG00000162377,turquoise
ENSG00000156515,turquoise
ENSG00000163154,red
ENSG00000291087,turquoise
ENSG00000185420,turquoise
ENSG00000183090,turquoise
ENSG00000132591,turquoise
ENSG00000241370,grey
ENSG00000186076,grey
ENSG00000294712,grey
ENSG00000144485,grey
ENSG00000152214,turquoise
ENSG00000187091,yellow
ENSG00000139180,turquoise
ENSG00000137337,blue
ENSG00000178752,turquoise
ENSG00000103168,turquoise
ENSG00000069424,turquoise
ENSG00000300917,grey
ENSG00000009335,turquoise
ENSG00000224713,turquoise
ENSG00000129103,turquoise
ENSG00000197345,turquoise
ENSG00000174437,turquoise
ENSG00000259781,turquoise
ENSG00000156395,turquoise
ENSG00000166598,turquoise
ENSG00000137038,turquoise
ENSG00000143621,turquoise
ENSG00000164978,turquoise
ENSG00000265683,turquoise
ENSG00000164188,yellow
ENSG00000106771,turquoise
ENSG00000177885,turquoise
ENSG00000011332,turquoise
ENSG00000150753,turquoise
ENSG00000166311,turquoise
ENSG00000111530,turquoise
ENSG00000056972,yellow
ENSG00000273712,turquoise
ENSG00000296331,grey
ENSG00000128000,turquoise
ENSG00000115290,turquoise
ENSG00000168288,turquoise
ENSG00000169403,red
ENSG00000120709,turquoise
ENSG00000214655,turquoise
ENSG00000127252,turquoise
ENSG00000196358,turquoise
ENSG00000172243,red
ENSG00000187650,blue
ENSG00000276627,turquoise
ENSG00000100092,turquoise
ENSG00000104859,turquoise
ENSG00000110318,turquoise
ENSG00000198959,green
ENSG00000170633,turquoise
ENSG00000134109,turquoise
ENSG00000196436,grey
ENSG00000148248,turquoise
ENSG00000209582,grey
ENSG00000122966,turquoise
ENSG00000265763,turquoise
ENSG00000102316,turquoise
ENSG00000131724,red
ENSG00000065911,green
ENSG00000255176,brown
ENSG00000100221,turquoise
ENSG00000102401,turquoise
ENSG00000137947,turquoise
ENSG00000188739,turquoise
ENSG00000272321,turquoise
ENSG00000116885,turquoise
ENSG00000111181,grey
ENSG00000163659,green
ENSG00000138801,turquoise
ENSG00000003249,turquoise
ENSG00000168748,grey
ENSG00000262902,grey
ENSG00000131467,turquoise
ENSG00000185760,turquoise
ENSG00000297941,turquoise
ENSG00000005007,turquoise
ENSG00000134452,turquoise
ENSG00000111907,yellow
ENSG00000136261,turquoise
ENSG00000164106,yellow
ENSG00000143847,turquoise
ENSG00000165732,turquoise
ENSG00000164398,turquoise
ENSG00000244056,turquoise
ENSG00000163449,turquoise
ENSG00000086200,turquoise
ENSG00000179630,brown
ENSG00000310496,grey
ENSG00000182180,turquoise
ENSG00000197959,turquoise
ENSG00000169508,red
ENSG00000100490,turquoise
ENSG00000295453,blue
ENSG00000198286,red
ENSG00000112941,turquoise
ENSG00000182600,grey
ENSG00000099331,blue
ENSG00000141753,grey
ENSG00000170231,turquoise
ENSG00000101019,turquoise
ENSG00000277672,turquoise
ENSG00000049283,turquoise
ENSG00000186566,turquoise
ENSG00000163235,brown
ENSG00000132386,turquoise
ENSG00000237720,turquoise
ENSG00000257941,turquoise
ENSG00000075234,yellow
ENSG00000285583,blue
ENSG00000177469,brown
ENSG00000181904,turquoise
ENSG00000144868,turquoise
ENSG00000106524,turquoise
ENSG00000186174,blue
ENSG00000116260,turquoise
ENSG00000175701,turquoise
ENSG00000136068,brown
ENSG00000187323,turquoise
ENSG00000008277,turquoise
ENSG00000233337,turquoise
ENSG00000169019,turquoise
ENSG00000049540,grey
ENSG00000166823,pink
ENSG00000124164,turquoise
ENSG00000166682,brown
ENSG00000177337,yellow
ENSG00000104059,turquoise
ENSG00000111880,turquoise
ENSG00000115828,turquoise
ENSG00000182287,turquoise
ENSG00000308007,turquoise
ENSG00000254746,turquoise
ENSG00000010310,brown
ENSG00000127580,turquoise
ENSG00000090447,turquoise
ENSG00000100302,turquoise
ENSG00000277954,turquoise
ENSG00000259775,grey
ENSG00000119318,turquoise
ENSG00000181045,turquoise
ENSG00000130158,green
ENSG00000128564,grey
ENSG00000162711,turquoise
ENSG00000068308,turquoise
ENSG00000135094,grey
ENSG00000278576,turquoise
ENSG00000180228,turquoise
ENSG00000123124,turquoise
ENSG00000136059,turquoise
ENSG00000205269,turquoise
ENSG00000128951,turquoise
ENSG00000159228,brown
ENSG00000173786,brown
ENSG00000248409,grey
ENSG00000260916,turquoise
ENSG00000176454,grey
ENSG00000072832,turquoise
ENSG00000296306,grey
ENSG00000103723,turquoise
ENSG00000276742,grey
ENSG00000179604,yellow
ENSG00000075399,turquoise
ENSG00000135926,yellow
ENSG00000111783,yellow
ENSG00000168916,blue
ENSG00000198162,turquoise
ENSG00000163636,turquoise
ENSG00000267673,turquoise
ENSG00000177025,grey
ENSG00000183826,turquoise
ENSG00000110925,turquoise
ENSG00000308733,turquoise
ENSG00000102265,green
ENSG00000171302,turquoise
ENSG00000153815,turquoise
ENSG00000134508,yellow
ENSG00000137573,turquoise
ENSG00000234626,turquoise
ENSG00000247595,grey
ENSG00000145358,yellow
ENSG00000135111,grey
ENSG00000163932,turquoise
ENSG00000182700,turquoise
ENSG00000270096,grey
ENSG00000088543,turquoise
ENSG00000126012,turquoise
ENSG00000281100,turquoise
ENSG00000205899,turquoise
ENSG00000175467,turquoise
ENSG00000103335,yellow
ENSG00000199476,grey
ENSG00000258727,turquoise
ENSG00000015479,turquoise
ENSG00000188042,turquoise
ENSG00000129473,turquoise
ENSG00000154099,turquoise
ENSG00000113742,turquoise
ENSG00000178951,turquoise
ENSG00000286248,blue
ENSG00000197885,turquoise
ENSG00000242110,turquoise
ENSG00000122025,turquoise
ENSG00000155093,turquoise
ENSG00000124688,turquoise
ENSG00000277791,turquoise
ENSG00000115207,turquoise
ENSG00000013561,turquoise
ENSG00000165476,brown
ENSG00000143674,turquoise
ENSG00000166558,turquoise
ENSG00000113593,blue
ENSG00000302841,grey
ENSG00000171097,turquoise
ENSG00000165280,turquoise
ENSG00000137968,turquoise
ENSG00000201207,grey
ENSG00000135625,grey
ENSG00000149654,turquoise
ENSG00000120738,grey
ENSG00000175287,yellow
ENSG00000166783,turquoise
ENSG00000053770,turquoise
ENSG00000185418,blue
ENSG00000267904,turquoise
ENSG00000114098,turquoise
ENSG00000234921,grey
ENSG00000101146,turquoise
ENSG00000188021,turquoise
ENSG00000185742,turquoise
ENSG00000182473,turquoise
ENSG00000263958,turquoise
ENSG00000185818,turquoise
ENSG00000289606,grey
ENSG00000135999,turquoise
ENSG00000103249,turquoise
ENSG00000151458,turquoise
ENSG00000153253,turquoise
ENSG00000151353,turquoise
ENSG00000159164,turquoise
ENSG00000286689,grey
ENSG00000290461,turquoise
ENSG00000115514,turquoise
ENSG00000143194,turquoise
ENSG00000106701,turquoise
ENSG00000247556,turquoise
ENSG00000134684,turquoise
ENSG00000124571,turquoise
ENSG00000197747,green
ENSG00000116514,turquoise
ENSG00000270640,grey
ENSG00000149231,turquoise
ENSG00000205593,turquoise
ENSG00000166681,turquoise
ENSG00000243943,turquoise
ENSG00000117632,turquoise
ENSG00000090104,red
ENSG00000272865,grey
ENSG00000141452,turquoise
ENSG00000131507,turquoise
ENSG00000120053,turquoise
ENSG00000213347,turquoise
ENSG00000149311,blue
ENSG00000167306,turquoise
ENSG00000178761,turquoise
ENSG00000172613,turquoise
ENSG00000109917,turquoise
ENSG00000108829,turquoise
ENSG00000290849,grey
ENSG00000011201,black
ENSG00000144837,green
ENSG00000200530,grey
ENSG00000164604,turquoise
ENSG00000142733,grey
ENSG00000205060,turquoise
ENSG00000126522,turquoise
ENSG00000067177,yellow
ENSG00000167136,pink
ENSG00000112599,grey
ENSG00000157021,turquoise
ENSG00000198718,turquoise
ENSG00000108883,turquoise
ENSG00000182575,grey
ENSG00000091622,turquoise
ENSG00000020256,turquoise
ENSG00000105443,turquoise
ENSG00000198369,turquoise
ENSG00000183023,turquoise
ENSG00000162729,turquoise
ENSG00000232434,turquoise
ENSG00000034510,turquoise
ENSG00000157500,turquoise
ENSG00000105784,turquoise
ENSG00000174567,grey
ENSG00000188730,turquoise
ENSG00000267030,turquoise
ENSG00000115520,turquoise
ENSG00000257270,blue
ENSG00000141933,pink
ENSG00000136108,turquoise
ENSG00000126821,turquoise
ENSG00000212719,turquoise
ENSG00000124134,turquoise
ENSG00000072315,turquoise
ENSG00000121073,turquoise
ENSG00000051108,turquoise
ENSG00000155304,turquoise
ENSG00000130643,grey
ENSG00000294329,turquoise
ENSG00000111962,turquoise
ENSG00000237949,brown
ENSG00000298602,turquoise
ENSG00000186648,turquoise
ENSG00000168397,grey
ENSG00000153233,turquoise
ENSG00000118473,turquoise
ENSG00000172336,turquoise
ENSG00000155961,turquoise
ENSG00000294184,turquoise
ENSG00000269427,grey
ENSG00000167815,turquoise
ENSG00000108679,brown
ENSG00000137504,turquoise
ENSG00000116741,turquoise
ENSG00000213719,green
ENSG00000115073,turquoise
ENSG00000185201,green
ENSG00000179776,green
ENSG00000222808,grey
ENSG00000111249,turquoise
ENSG00000008118,turquoise
ENSG00000287243,turquoise
ENSG00000115756,turquoise
ENSG00000010818,turquoise
ENSG00000260920,turquoise
ENSG00000302464,grey
ENSG00000169230,turquoise
ENSG00000104522,grey
ENSG00000147853,black
ENSG00000165943,turquoise
ENSG00000168404,green
ENSG00000113575,turquoise
ENSG00000142512,red
ENSG00000152782,turquoise
ENSG00000166189,turquoise
ENSG00000143771,turquoise
ENSG00000155252,turquoise
ENSG00000187446,turquoise
ENSG00000226328,turquoise
ENSG00000171189,turquoise
ENSG00000107290,turquoise
ENSG00000096080,turquoise
ENSG00000026025,yellow
ENSG00000168283,turquoise
ENSG00000290055,grey
ENSG00000100341,turquoise
ENSG00000114757,turquoise
ENSG00000236824,grey
ENSG00000271964,grey
ENSG00000161082,turquoise
ENSG00000171720,turquoise
ENSG00000103037,turquoise
ENSG00000204396,turquoise
ENSG00000156885,grey
ENSG00000079308,brown
ENSG00000115137,turquoise
ENSG00000130649,turquoise
ENSG00000151835,turquoise
ENSG00000153406,turquoise
ENSG00000167522,turquoise
ENSG00000171130,turquoise
ENSG00000181751,turquoise
ENSG00000140987,brown
ENSG00000242861,brown
ENSG00000142686,turquoise
ENSG00000168874,yellow
ENSG00000131019,turquoise
ENSG00000140395,turquoise
ENSG00000288559,turquoise
ENSG00000198010,turquoise
ENSG00000196187,brown
ENSG00000111321,green
ENSG00000122862,green
ENSG00000158301,turquoise
ENSG00000176928,turquoise
ENSG00000167971,turquoise
ENSG00000135077,red
ENSG00000185133,turquoise
ENSG00000124444,turquoise
ENSG00000267793,grey
ENSG00000115271,turquoise
ENSG00000011405,black
ENSG00000075856,turquoise
ENSG00000276234,turquoise
ENSG00000258967,turquoise
ENSG00000146648,yellow
ENSG00000165819,blue
ENSG00000128656,grey
ENSG00000149547,turquoise
ENSG00000100311,turquoise
ENSG00000149090,yellow
ENSG00000198838,yellow
ENSG00000291317,turquoise
ENSG00000105393,turquoise
ENSG00000272325,turquoise
ENSG00000072195,turquoise
ENSG00000186479,turquoise
ENSG00000198824,turquoise
ENSG00000077420,red
ENSG00000221164,grey
ENSG00000221923,grey
ENSG00000152242,turquoise
ENSG00000076201,turquoise
ENSG00000120088,turquoise
ENSG00000115687,turquoise
ENSG00000300016,blue
ENSG00000251141,turquoise
ENSG00000127561,turquoise
ENSG00000124608,turquoise
ENSG00000116030,turquoise
ENSG00000146416,turquoise
ENSG00000168461,yellow
ENSG00000164040,turquoise
ENSG00000113140,grey
ENSG00000159231,grey
ENSG00000133392,grey
ENSG00000161204,turquoise
ENSG00000299664,grey
ENSG00000154589,red
ENSG00000268087,turquoise
ENSG00000151967,turquoise
ENSG00000121753,turquoise
ENSG00000293413,turquoise
ENSG00000116560,turquoise
ENSG00000134202,grey
ENSG00000010282,brown
ENSG00000288959,grey
ENSG00000176046,yellow
ENSG00000116353,turquoise
ENSG00000188566,turquoise
ENSG00000103254,pink
ENSG00000099904,turquoise
ENSG00000251226,grey
ENSG00000108639,brown
ENSG00000187742,turquoise
ENSG00000077157,turquoise
ENSG00000231234,grey
ENSG00000221083,grey
ENSG00000181027,turquoise
ENSG00000269335,turquoise
ENSG00000160062,turquoise
ENSG00000135423,turquoise
ENSG00000100023,turquoise
ENSG00000280206,brown
ENSG00000092969,black
ENSG00000107771,turquoise
ENSG00000170619,turquoise
ENSG00000101017,green
ENSG00000307001,turquoise
ENSG00000182957,grey
ENSG00000111481,turquoise
ENSG00000299760,grey
ENSG00000072274,grey
ENSG00000101204,turquoise
ENSG00000260443,grey
ENSG00000280234,turquoise
ENSG00000183155,turquoise
ENSG00000305195,turquoise
ENSG00000188994,turquoise
ENSG00000213762,turquoise
ENSG00000169507,turquoise
ENSG00000086827,turquoise
ENSG00000272576,turquoise
ENSG00000279667,turquoise
ENSG00000183580,yellow
ENSG00000229043,turquoise
ENSG00000184900,turquoise
ENSG00000211643,turquoise
ENSG00000197405,green
ENSG00000279182,turquoise
ENSG00000178741,turquoise
ENSG00000106991,green
ENSG00000100150,turquoise
ENSG00000205710,turquoise
ENSG00000146433,turquoise
ENSG00000102710,blue
ENSG00000002834,turquoise
ENSG00000113583,turquoise
ENSG00000072310,brown
ENSG00000233930,turquoise
ENSG00000101347,turquoise
ENSG00000042088,turquoise
ENSG00000147649,turquoise
ENSG00000260917,turquoise
ENSG00000134115,turquoise
ENSG00000241839,yellow
ENSG00000227775,turquoise
ENSG00000204869,turquoise
ENSG00000180914,grey
ENSG00000039123,turquoise
ENSG00000130707,turquoise
ENSG00000240053,turquoise
ENSG00000182902,yellow
ENSG00000188818,grey
ENSG00000146151,turquoise
ENSG00000144026,turquoise
ENSG00000175197,grey
ENSG00000105875,blue
ENSG00000110427,turquoise
ENSG00000114767,turquoise
ENSG00000143727,turquoise
ENSG00000066135,turquoise
ENSG00000161249,turquoise
ENSG00000258429,pink
ENSG00000207554,grey
ENSG00000168899,yellow
ENSG00000243335,turquoise
ENSG00000160190,turquoise
ENSG00000168830,turquoise
ENSG00000242265,turquoise
ENSG00000205364,yellow
ENSG00000198898,turquoise
ENSG00000021300,brown
ENSG00000008300,turquoise
ENSG00000134440,turquoise
ENSG00000198171,turquoise
ENSG00000133961,turquoise
ENSG00000116539,turquoise
ENSG00000108946,turquoise
ENSG00000070882,turquoise
ENSG00000186166,turquoise
ENSG00000170604,turquoise
ENSG00000198722,turquoise
ENSG00000147854,turquoise
ENSG00000203668,turquoise
ENSG00000235961,grey
ENSG00000184261,turquoise
ENSG00000102172,turquoise
ENSG00000178814,brown
ENSG00000169118,turquoise
ENSG00000119844,turquoise
ENSG00000137693,yellow
ENSG00000170325,turquoise
ENSG00000185104,turquoise
ENSG00000288670,turquoise
ENSG00000156345,turquoise
ENSG00000121350,turquoise
ENSG00000148153,turquoise
ENSG00000280435,turquoise
ENSG00000134313,turquoise
ENSG00000103343,turquoise
ENSG00000021762,turquoise
ENSG00000185950,turquoise
ENSG00000023330,turquoise
ENSG00000263146,yellow
ENSG00000182732,turquoise
ENSG00000260464,turquoise
ENSG00000196542,turquoise
ENSG00000198108,turquoise
ENSG00000162654,grey
ENSG00000243279,turquoise
ENSG00000139220,turquoise
ENSG00000174007,turquoise
ENSG00000169139,turquoise
ENSG00000126945,turquoise
ENSG00000135392,turquoise
ENSG00000075975,turquoise
ENSG00000214402,grey
ENSG00000101557,turquoise
ENSG00000276809,turquoise
ENSG00000114520,turquoise
ENSG00000115844,turquoise
ENSG00000111305,turquoise
ENSG00000151014,turquoise
ENSG00000138069,turquoise
ENSG00000070444,turquoise
ENSG00000006116,turquoise
ENSG00000112333,yellow
ENSG00000262663,turquoise
ENSG00000163703,turquoise
ENSG00000138376,brown
ENSG00000279203,blue
ENSG00000173674,turquoise
ENSG00000130222,grey
ENSG00000267058,turquoise
ENSG00000132952,turquoise
ENSG00000051009,turquoise
ENSG00000020181,turquoise
ENSG00000165323,turquoise
ENSG00000147905,turquoise
ENSG00000054179,yellow
ENSG00000289407,turquoise
ENSG00000148180,brown
ENSG00000207217,grey
ENSG00000171793,turquoise
ENSG00000125084,turquoise
ENSG00000157796,turquoise
ENSG00000214357,turquoise
ENSG00000131389,blue
ENSG00000154548,turquoise
ENSG00000223878,blue
ENSG00000204681,turquoise
ENSG00000118307,turquoise
ENSG00000177272,turquoise
ENSG00000167535,turquoise
ENSG00000127914,turquoise
ENSG00000170075,yellow
ENSG00000171033,turquoise
ENSG00000164638,grey
ENSG00000167434,turquoise
ENSG00000138757,turquoise
ENSG00000101236,turquoise
ENSG00000135677,turquoise
ENSG00000286948,turquoise
ENSG00000131475,turquoise
ENSG00000197555,turquoise
ENSG00000138095,turquoise
ENSG00000158528,turquoise
ENSG00000278840,turquoise
ENSG00000287074,turquoise
ENSG00000289354,turquoise
ENSG00000008382,turquoise
ENSG00000184451,turquoise
ENSG00000281406,turquoise
ENSG00000101412,turquoise
ENSG00000152760,turquoise
ENSG00000185989,turquoise
ENSG00000103047,turquoise
ENSG00000106829,blue
ENSG00000286018,blue
ENSG00000133816,turquoise
ENSG00000206190,grey
ENSG00000073050,turquoise
ENSG00000189369,turquoise
ENSG00000139410,grey
ENSG00000154822,turquoise
ENSG00000198356,turquoise
ENSG00000100276,turquoise
ENSG00000160752,turquoise
ENSG00000116729,yellow
ENSG00000200170,grey
ENSG00000102804,turquoise
ENSG00000230982,blue
ENSG00000187952,turquoise
ENSG00000228400,turquoise
ENSG00000004779,turquoise
ENSG00000137962,green
ENSG00000149582,turquoise
ENSG00000235316,turquoise
ENSG00000149926,turquoise
ENSG00000276791,brown
ENSG00000100767,yellow
ENSG00000166946,turquoise
ENSG00000139719,turquoise
ENSG00000197457,grey
ENSG00000129521,yellow
ENSG00000128045,turquoise
ENSG00000129932,turquoise
ENSG00000183908,turquoise
ENSG00000177133,yellow
ENSG00000213585,turquoise
ENSG00000124160,turquoise
ENSG00000091844,turquoise
ENSG00000289586,turquoise
ENSG00000137098,turquoise
ENSG00000186866,blue
ENSG00000273136,grey
ENSG00000147872,green
ENSG00000169045,turquoise
ENSG00000006576,turquoise
ENSG00000088179,turquoise
ENSG00000114383,turquoise
ENSG00000175785,brown
ENSG00000254081,brown
ENSG00000130803,turquoise
ENSG00000233196,turquoise
ENSG00000116337,turquoise
ENSG00000135838,yellow
ENSG00000136999,turquoise
ENSG00000119408,yellow
ENSG00000297007,grey
ENSG00000213676,turquoise
ENSG00000135314,turquoise
ENSG00000180011,turquoise
ENSG00000263001,blue
ENSG00000173267,grey
ENSG00000013573,grey
ENSG00000141485,grey
ENSG00000232320,grey
ENSG00000115993,blue
ENSG00000230532,turquoise
ENSG00000070814,turquoise
ENSG00000133321,yellow
ENSG00000186310,turquoise
ENSG00000109758,grey
ENSG00000138135,green
ENSG00000289584,grey
ENSG00000118260,turquoise
ENSG00000186260,turquoise
ENSG00000127472,grey
ENSG00000066248,turquoise
ENSG00000130702,grey
ENSG00000128833,turquoise
ENSG00000003137,turquoise
ENSG00000165704,turquoise
ENSG00000174574,turquoise
ENSG00000177076,blue
ENSG00000227345,turquoise
ENSG00000100813,turquoise
ENSG00000278224,turquoise
ENSG00000179796,yellow
ENSG00000164112,turquoise
ENSG00000261671,grey
ENSG00000125962,turquoise
ENSG00000172794,turquoise
ENSG00000107798,blue
ENSG00000131873,green
ENSG00000215915,grey
ENSG00000256943,turquoise
ENSG00000239704,turquoise
ENSG00000144749,yellow
ENSG00000184402,turquoise
ENSG00000187555,turquoise
ENSG00000123213,turquoise
ENSG00000157764,turquoise
ENSG00000226038,turquoise
ENSG00000101079,turquoise
ENSG00000185885,green
ENSG00000296325,grey
ENSG00000077092,turquoise
ENSG00000165861,turquoise
ENSG00000262903,turquoise
ENSG00000260918,turquoise
ENSG00000290976,grey
ENSG00000127249,yellow
ENSG00000263970,grey
ENSG00000092201,turquoise
ENSG00000170775,brown
ENSG00000201440,grey
ENSG00000110697,turquoise
ENSG00000307294,turquoise
ENSG00000170876,turquoise
ENSG00000125285,yellow
ENSG00000174521,turquoise
ENSG00000240857,turquoise
ENSG00000083097,turquoise
ENSG00000254909,turquoise
ENSG00000274341,grey
ENSG00000134548,brown
ENSG00000167371,grey
ENSG00000086717,turquoise
ENSG00000274266,grey
ENSG00000198208,turquoise
ENSG00000144591,turquoise
ENSG00000084764,turquoise
ENSG00000183864,grey
ENSG00000172508,brown
ENSG00000143507,blue
ENSG00000104221,turquoise
ENSG00000101040,turquoise
ENSG00000278532,turquoise
ENSG00000106246,turquoise
ENSG00000113615,turquoise
ENSG00000157895,turquoise
ENSG00000287895,turquoise
ENSG00000151849,turquoise
ENSG00000127526,turquoise
ENSG00000089154,turquoise
ENSG00000163219,turquoise
ENSG00000116544,turquoise
ENSG00000117616,blue
ENSG00000167702,turquoise
ENSG00000228408,grey
ENSG00000159720,turquoise
ENSG00000260418,grey
ENSG00000221926,turquoise
ENSG00000006327,green
ENSG00000170522,turquoise
ENSG00000160785,turquoise
ENSG00000271892,grey
ENSG00000125869,turquoise
ENSG00000289207,turquoise
ENSG00000108932,turquoise
ENSG00000105127,turquoise
ENSG00000102858,turquoise
ENSG00000110171,turquoise
ENSG00000144834,grey
ENSG00000250878,turquoise
ENSG00000268756,blue
ENSG00000168209,grey
ENSG00000183426,grey
ENSG00000102678,turquoise
ENSG00000307390,turquoise
ENSG00000229873,turquoise
ENSG00000224223,turquoise
ENSG00000270001,grey
ENSG00000160299,turquoise
ENSG00000216490,red
ENSG00000013725,turquoise
ENSG00000134884,turquoise
ENSG00000231074,turquoise
ENSG00000131398,turquoise
ENSG00000136040,turquoise
ENSG00000117748,turquoise
ENSG00000121931,turquoise
ENSG00000008838,turquoise
ENSG00000302966,turquoise
ENSG00000100968,yellow
ENSG00000304083,turquoise
ENSG00000240184,yellow
ENSG00000290541,grey
ENSG00000166477,turquoise
ENSG00000123395,turquoise
ENSG00000163755,turquoise
ENSG00000240758,green
ENSG00000163528,turquoise
ENSG00000178385,turquoise
ENSG00000270885,turquoise
ENSG00000116604,turquoise
ENSG00000012124,brown
ENSG00000286237,grey
ENSG00000121741,turquoise
ENSG00000077458,turquoise
ENSG00000182685,turquoise
ENSG00000128298,turquoise
ENSG00000091513,brown
ENSG00000162852,turquoise
ENSG00000182224,turquoise
ENSG00000159640,turquoise
ENSG00000135424,yellow
ENSG00000155380,grey
ENSG00000136003,turquoise
ENSG00000028137,red
ENSG00000104324,brown
ENSG00000117395,turquoise
ENSG00000038427,grey
ENSG00000100347,turquoise
ENSG00000273100,grey
ENSG00000135473,blue
ENSG00000163431,grey
ENSG00000107731,blue
ENSG00000213839,turquoise
ENSG00000113070,brown
ENSG00000122375,turquoise
ENSG00000283303,grey
ENSG00000089558,turquoise
ENSG00000213088,turquoise
ENSG00000172869,turquoise
ENSG00000141837,turquoise
ENSG00000272849,blue
ENSG00000166199,turquoise
ENSG00000140563,turquoise
ENSG00000310366,turquoise
ENSG00000131981,yellow
ENSG00000090615,turquoise
ENSG00000183628,turquoise
ENSG00000077522,turquoise
ENSG00000210127,grey
ENSG00000103160,turquoise
ENSG00000197586,turquoise
ENSG00000198431,turquoise
ENSG00000103888,turquoise
ENSG00000145861,turquoise
ENSG00000112715,grey
ENSG00000160862,brown
ENSG00000254528,turquoise
ENSG00000124120,turquoise
ENSG00000136436,grey
ENSG00000213938,turquoise
ENSG00000101474,turquoise
ENSG00000100234,yellow
ENSG00000289415,brown
ENSG00000163637,turquoise
ENSG00000262766,blue
ENSG00000067141,black
ENSG00000152128,turquoise
ENSG00000096060,grey
ENSG00000166974,turquoise
ENSG00000243708,turquoise
ENSG00000135472,turquoise
ENSG00000161980,turquoise
ENSG00000112146,turquoise
ENSG00000198868,grey
ENSG00000136738,turquoise
ENSG00000275915,grey
ENSG00000122952,turquoise
ENSG00000260032,turquoise
ENSG00000163794,turquoise
ENSG00000235109,turquoise
ENSG00000275426,grey
ENSG00000121966,grey
ENSG00000034239,turquoise
ENSG00000233885,blue
ENSG00000197261,grey
ENSG00000004059,turquoise
ENSG00000104497,turquoise
ENSG00000175893,turquoise
ENSG00000152583,black
ENSG00000101188,turquoise
ENSG00000125848,turquoise
ENSG00000210144,grey
ENSG00000131462,turquoise
ENSG00000309565,turquoise
ENSG00000161298,turquoise
ENSG00000007402,turquoise
ENSG00000164091,turquoise
ENSG00000068976,grey
ENSG00000133794,turquoise
ENSG00000278259,blue
ENSG00000178695,red
ENSG00000105518,grey
ENSG00000287288,grey
ENSG00000286602,turquoise
ENSG00000291041,turquoise
ENSG00000057757,turquoise
ENSG00000115295,turquoise
ENSG00000229672,turquoise
ENSG00000198690,blue
ENSG00000010404,turquoise
ENSG00000204304,turquoise
ENSG00000168710,yellow
ENSG00000169330,turquoise
ENSG00000241685,turquoise
ENSG00000189195,turquoise
ENSG00000172725,blue
ENSG00000079101,turquoise
ENSG00000253304,turquoise
ENSG00000178342,turquoise
ENSG00000100359,turquoise
ENSG00000164209,turquoise
ENSG00000116717,grey
ENSG00000272752,turquoise
ENSG00000232287,grey
ENSG00000163762,grey
ENSG00000119596,turquoise
ENSG00000086544,grey
ENSG00000065989,turquoise
ENSG00000261033,turquoise
ENSG00000299006,turquoise
ENSG00000119640,turquoise
ENSG00000163660,grey
ENSG00000233087,turquoise
ENSG00000270127,grey
ENSG00000153130,turquoise
ENSG00000001617,green
ENSG00000233936,turquoise
ENSG00000167642,turquoise
ENSG00000145012,black
ENSG00000189316,turquoise
ENSG00000224404,turquoise
ENSG00000106477,turquoise
ENSG00000178567,turquoise
ENSG00000197265,turquoise
ENSG00000109680,turquoise
ENSG00000011523,turquoise
ENSG00000290700,turquoise
ENSG00000119138,turquoise
ENSG00000187531,turquoise
ENSG00000105928,turquoise
ENSG00000119698,turquoise
ENSG00000189056,turquoise
ENSG00000172269,grey
ENSG00000165887,turquoise
ENSG00000174460,turquoise
ENSG00000109654,turquoise
ENSG00000156697,turquoise
ENSG00000163126,blue
ENSG00000101460,turquoise
ENSG00000136463,turquoise
ENSG00000161960,turquoise
ENSG00000204278,brown
ENSG00000135597,turquoise
ENSG00000080224,turquoise
ENSG00000110881,turquoise
ENSG00000104435,turquoise
ENSG00000185442,turquoise
ENSG00000131748,turquoise
ENSG00000170271,brown
ENSG00000183458,turquoise
ENSG00000149474,turquoise
ENSG00000198911,turquoise
ENSG00000249780,grey
ENSG00000306999,grey
ENSG00000117394,green
ENSG00000128872,turquoise
ENSG00000287149,grey
ENSG00000148343,turquoise
ENSG00000295295,turquoise
ENSG00000229520,turquoise
ENSG00000110324,red
ENSG00000290018,grey
ENSG00000163017,grey
ENSG00000213398,grey
ENSG00000278456,turquoise
ENSG00000164151,turquoise
ENSG00000135945,turquoise
ENSG00000184677,turquoise
ENSG00000055483,turquoise
ENSG00000066455,turquoise
ENSG00000171467,turquoise
ENSG00000139726,turquoise
ENSG00000145526,turquoise
ENSG00000260011,turquoise
ENSG00000101997,turquoise
ENSG00000267414,turquoise
ENSG00000307098,turquoise
ENSG00000275066,turquoise
ENSG00000131089,turquoise
ENSG00000127527,turquoise
ENSG00000169220,turquoise
ENSG00000064601,grey
ENSG00000153317,turquoise
ENSG00000102226,turquoise
ENSG00000104177,turquoise
ENSG00000167549,turquoise
ENSG00000101898,turquoise
ENSG00000167578,turquoise
ENSG00000164168,turquoise
ENSG00000216863,turquoise
ENSG00000011260,turquoise
ENSG00000164051,turquoise
ENSG00000034053,turquoise
ENSG00000101182,turquoise
ENSG00000286619,grey
ENSG00000288701,turquoise
ENSG00000102466,turquoise
ENSG00000136867,brown
ENSG00000128654,turquoise
ENSG00000197601,blue
ENSG00000203685,turquoise
ENSG00000139679,red
ENSG00000111261,turquoise
ENSG00000180573,brown
ENSG00000176490,turquoise
ENSG00000112282,turquoise
ENSG00000143786,turquoise
ENSG00000080493,yellow
ENSG00000157216,grey
ENSG00000235711,turquoise
ENSG00000101310,turquoise
ENSG00000173120,turquoise
ENSG00000198743,turquoise
ENSG00000130751,turquoise
ENSG00000213025,grey
ENSG00000181894,turquoise
ENSG00000198380,turquoise
ENSG00000259865,grey
ENSG00000196305,turquoise
ENSG00000249540,turquoise
ENSG00000163875,turquoise
ENSG00000259823,turquoise
ENSG00000234336,turquoise
ENSG00000173064,turquoise
ENSG00000163888,turquoise
ENSG00000103021,turquoise
ENSG00000198780,turquoise
ENSG00000175727,turquoise
ENSG00000125779,turquoise
ENSG00000165283,turquoise
ENSG00000260927,turquoise
ENSG00000134594,turquoise
ENSG00000174705,grey
ENSG00000268055,grey
ENSG00000168386,turquoise
ENSG00000005175,turquoise
ENSG00000259032,grey
ENSG00000166887,turquoise
ENSG00000214389,magenta
ENSG00000273841,turquoise
ENSG00000164379,grey
ENSG00000131773,turquoise
ENSG00000204851,grey
ENSG00000160716,turquoise
ENSG00000176994,turquoise
ENSG00000124493,turquoise
ENSG00000294711,grey
ENSG00000149218,turquoise
ENSG00000187653,magenta
ENSG00000115414,green
ENSG00000170791,turquoise
ENSG00000120903,turquoise
ENSG00000181915,turquoise
ENSG00000173852,turquoise
ENSG00000244055,blue
ENSG00000104972,red
ENSG00000239382,turquoise
ENSG00000168807,turquoise
ENSG00000107863,blue
ENSG00000117013,turquoise
ENSG00000214578,grey
ENSG00000213024,turquoise
ENSG00000144815,blue
ENSG00000153495,grey
ENSG00000103512,turquoise
ENSG00000171056,green
ENSG00000188906,turquoise
ENSG00000114796,blue
ENSG00000132466,turquoise
ENSG00000150051,turquoise
ENSG00000186792,turquoise
ENSG00000185298,turquoise
ENSG00000213625,yellow
ENSG00000231887,turquoise
ENSG00000158089,turquoise
ENSG00000137843,turquoise
ENSG00000004961,turquoise
ENSG00000163125,turquoise
ENSG00000125447,turquoise
ENSG00000060982,turquoise
ENSG00000289594,grey
ENSG00000033800,turquoise
ENSG00000140323,turquoise
ENSG00000156076,grey
ENSG00000171502,turquoise
ENSG00000138587,turquoise
ENSG00000047634,black
ENSG00000103502,turquoise
ENSG00000284595,grey
ENSG00000116199,turquoise
ENSG00000122417,turquoise
ENSG00000161036,turquoise
ENSG00000142207,turquoise
ENSG00000197921,grey
ENSG00000138316,brown
ENSG00000279561,turquoise
ENSG00000104518,green
ENSG00000248485,turquoise
ENSG00000125249,turquoise
ENSG00000214290,yellow
ENSG00000230953,grey
ENSG00000148925,turquoise
ENSG00000285885,turquoise
ENSG00000272159,grey
ENSG00000100216,turquoise
ENSG00000198513,turquoise
ENSG00000130733,turquoise
ENSG00000127980,turquoise
ENSG00000160691,grey
ENSG00000103507,turquoise
ENSG00000233705,turquoise
ENSG00000160796,grey
ENSG00000307103,grey
ENSG00000164070,turquoise
ENSG00000113456,turquoise
ENSG00000134287,turquoise
ENSG00000298808,turquoise
ENSG00000196449,turquoise
ENSG00000147231,turquoise
ENSG00000231439,grey
ENSG00000214353,yellow
ENSG00000117154,grey
ENSG00000125657,turquoise
ENSG00000213551,turquoise
ENSG00000230319,turquoise
ENSG00000172379,turquoise
ENSG00000148985,turquoise
ENSG00000255150,turquoise
ENSG00000295752,grey
ENSG00000088387,turquoise
ENSG00000175985,turquoise
ENSG00000100100,black
ENSG00000068878,turquoise
ENSG00000276023,turquoise
ENSG00000165424,brown
ENSG00000115365,turquoise
ENSG00000136930,turquoise
ENSG00000298654,turquoise
ENSG00000308342,turquoise
ENSG00000143340,turquoise
ENSG00000102908,blue
ENSG00000120690,grey
ENSG00000255091,grey
ENSG00000304625,grey
ENSG00000204389,grey
ENSG00000171243,turquoise
ENSG00000164867,green
ENSG00000173868,turquoise
ENSG00000156253,turquoise
ENSG00000088992,turquoise
ENSG00000299072,turquoise
ENSG00000198618,turquoise
ENSG00000133103,turquoise
ENSG00000112232,turquoise
ENSG00000008394,yellow
ENSG00000159399,red
ENSG00000129518,turquoise
ENSG00000273559,turquoise
ENSG00000137764,turquoise
ENSG00000117335,blue
ENSG00000162998,grey
ENSG00000170265,turquoise
ENSG00000005471,grey
ENSG00000225234,turquoise
ENSG00000101811,turquoise
ENSG00000103241,grey
ENSG00000289338,turquoise
ENSG00000142156,turquoise
ENSG00000128294,turquoise
ENSG00000128203,turquoise
ENSG00000141337,turquoise
ENSG00000221716,grey
ENSG00000188706,brown
ENSG00000160310,turquoise
ENSG00000151952,turquoise
ENSG00000157554,green
ENSG00000140284,turquoise
ENSG00000143126,turquoise
ENSG00000287677,turquoise
ENSG00000106278,black
ENSG00000165195,grey
ENSG00000223959,grey
ENSG00000166848,turquoise
ENSG00000102225,turquoise
ENSG00000302076,turquoise
ENSG00000183454,turquoise
ENSG00000236552,magenta
ENSG00000129951,turquoise
ENSG00000176381,brown
ENSG00000122126,turquoise
ENSG00000145979,turquoise
ENSG00000132530,grey
ENSG00000236304,green
ENSG00000152784,turquoise
ENSG00000139832,green
ENSG00000005812,turquoise
ENSG00000147234,turquoise
ENSG00000079974,turquoise
ENSG00000290015,turquoise
ENSG00000213199,turquoise
ENSG00000085433,turquoise
ENSG00000237418,turquoise
ENSG00000089723,turquoise
ENSG00000105401,grey
ENSG00000164796,turquoise
ENSG00000231824,turquoise
ENSG00000118271,grey
ENSG00000138802,turquoise
ENSG00000201448,grey
ENSG00000135040,turquoise
ENSG00000118785,red
ENSG00000143882,turquoise
ENSG00000170345,grey
ENSG00000277494,brown
ENSG00000002587,turquoise
ENSG00000207406,grey
ENSG00000009844,turquoise
ENSG00000269489,grey
ENSG00000254221,black
ENSG00000118162,turquoise
ENSG00000112293,turquoise
ENSG00000140575,brown
ENSG00000003056,turquoise
ENSG00000272333,blue
ENSG00000172987,grey
ENSG00000287900,turquoise
ENSG00000175792,turquoise
ENSG00000012817,grey
ENSG00000205959,turquoise
ENSG00000207392,grey
ENSG00000102910,turquoise
ENSG00000115760,blue
ENSG00000288538,turquoise
ENSG00000119865,turquoise
ENSG00000196972,turquoise
ENSG00000168490,turquoise
ENSG00000280120,turquoise
ENSG00000141562,grey
ENSG00000100379,grey
ENSG00000139908,blue
ENSG00000224222,turquoise
ENSG00000110074,turquoise
ENSG00000142149,turquoise
ENSG00000200418,blue
ENSG00000061918,turquoise
ENSG00000176401,turquoise
ENSG00000143367,turquoise
ENSG00000099330,turquoise
ENSG00000130479,turquoise
ENSG00000134909,turquoise
ENSG00000271143,grey
ENSG00000173208,black
ENSG00000170425,yellow
ENSG00000131788,blue
ENSG00000172232,grey
ENSG00000138670,turquoise
ENSG00000100033,yellow
ENSG00000272812,turquoise
ENSG00000165792,blue
ENSG00000111790,turquoise
ENSG00000205133,turquoise
ENSG00000181656,turquoise
ENSG00000229097,turquoise
ENSG00000101144,yellow
ENSG00000095713,turquoise
ENSG00000136928,turquoise
ENSG00000186862,turquoise
ENSG00000168016,turquoise
ENSG00000196368,turquoise
ENSG00000239884,turquoise
ENSG00000197780,turquoise
ENSG00000279192,turquoise
ENSG00000184110,turquoise
ENSG00000196730,turquoise
ENSG00000179912,turquoise
ENSG00000233384,turquoise
ENSG00000299689,turquoise
ENSG00000272343,grey
ENSG00000166863,turquoise
ENSG00000112130,turquoise
ENSG00000124194,grey
ENSG00000297381,turquoise
ENSG00000167670,turquoise
ENSG00000084636,blue
ENSG00000291163,turquoise
ENSG00000089335,turquoise
ENSG00000118402,turquoise
ENSG00000289453,turquoise
ENSG00000145734,turquoise
ENSG00000067646,grey
ENSG00000105223,turquoise
ENSG00000289515,pink
ENSG00000095383,brown
ENSG00000115353,turquoise
ENSG00000159842,turquoise
ENSG00000235238,grey
ENSG00000204196,magenta
ENSG00000120526,turquoise
ENSG00000108379,turquoise
ENSG00000256008,grey
ENSG00000113369,black
ENSG00000179409,turquoise
ENSG00000173991,grey
ENSG00000110931,turquoise
ENSG00000271553,grey
ENSG00000196696,blue
ENSG00000198408,turquoise
ENSG00000109270,turquoise
ENSG00000107295,turquoise
ENSG00000148399,turquoise
ENSG00000125378,turquoise
ENSG00000150672,turquoise
ENSG00000304501,blue
ENSG00000124357,turquoise
ENSG00000104907,turquoise
ENSG00000263823,turquoise
ENSG00000294172,turquoise
ENSG00000149633,brown
ENSG00000120925,turquoise
ENSG00000118096,turquoise
ENSG00000116871,turquoise
ENSG00000162613,turquoise
ENSG00000213380,turquoise
ENSG00000168959,turquoise
ENSG00000006740,turquoise
ENSG00000302509,brown
ENSG00000211772,turquoise
ENSG00000173166,turquoise
ENSG00000202363,turquoise
ENSG00000081692,turquoise
ENSG00000151276,turquoise
ENSG00000196700,turquoise
ENSG00000213316,grey
ENSG00000299317,blue
ENSG00000215845,turquoise
ENSG00000118596,turquoise
ENSG00000178502,turquoise
ENSG00000305670,grey
ENSG00000080298,turquoise
ENSG00000138623,turquoise
ENSG00000124702,grey
ENSG00000278000,grey
ENSG00000166105,turquoise
ENSG00000256762,grey
ENSG00000153446,yellow
ENSG00000059804,turquoise
ENSG00000254087,red
ENSG00000072163,grey
ENSG00000223612,grey
ENSG00000133302,turquoise
ENSG00000232119,turquoise
ENSG00000204161,brown
ENSG00000134815,turquoise
ENSG00000144161,turquoise
ENSG00000299003,turquoise
ENSG00000158966,black
ENSG00000105227,grey
ENSG00000049656,turquoise
ENSG00000247596,turquoise
ENSG00000156599,turquoise
ENSG00000131368,turquoise
ENSG00000174599,turquoise
ENSG00000023909,turquoise
ENSG00000290833,turquoise
ENSG00000295981,turquoise
ENSG00000287338,grey
ENSG00000064787,brown
ENSG00000238260,turquoise
ENSG00000102879,turquoise
ENSG00000112053,turquoise
ENSG00000287314,grey
ENSG00000011243,turquoise
ENSG00000272010,grey
ENSG00000267127,grey
ENSG00000159339,grey
ENSG00000075914,turquoise
ENSG00000061337,turquoise
ENSG00000166432,blue
ENSG00000156804,turquoise
ENSG00000100239,turquoise
ENSG00000197872,turquoise
ENSG00000138430,turquoise
ENSG00000117682,turquoise
ENSG00000136895,turquoise
ENSG00000164953,turquoise
ENSG00000071794,turquoise
ENSG00000172201,yellow
ENSG00000101447,turquoise
ENSG00000106003,yellow
ENSG00000126870,turquoise
ENSG00000167881,turquoise
ENSG00000303553,grey
ENSG00000171608,turquoise
ENSG00000114388,turquoise
ENSG00000121481,turquoise
ENSG00000287553,turquoise
ENSG00000091482,turquoise
ENSG00000186994,grey
ENSG00000063854,turquoise
ENSG00000261087,turquoise
ENSG00000289757,grey
ENSG00000119242,turquoise
ENSG00000106571,yellow
ENSG00000070087,turquoise
ENSG00000070159,turquoise
ENSG00000138071,turquoise
ENSG00000159403,green
ENSG00000245532,grey
ENSG00000168116,turquoise
ENSG00000120910,turquoise
ENSG00000232533,grey
ENSG00000302030,blue
ENSG00000196313,turquoise
ENSG00000105854,yellow
ENSG00000005206,turquoise
ENSG00000009709,turquoise
ENSG00000141404,turquoise
ENSG00000294766,grey
ENSG00000057019,turquoise
ENSG00000108018,turquoise
ENSG00000279382,blue
ENSG00000169564,turquoise
ENSG00000101294,turquoise
ENSG00000168491,turquoise
ENSG00000135749,turquoise
ENSG00000165629,turquoise
ENSG00000103184,turquoise
ENSG00000187498,green
ENSG00000303343,turquoise
ENSG00000164199,yellow
ENSG00000122085,turquoise
ENSG00000161647,turquoise
ENSG00000144152,turquoise
ENSG00000274512,grey
ENSG00000253477,turquoise
ENSG00000163513,grey
ENSG00000116863,turquoise
ENSG00000185164,turquoise
ENSG00000262410,turquoise
ENSG00000152382,turquoise
ENSG00000130590,turquoise
ENSG00000126243,turquoise
ENSG00000131373,turquoise
ENSG00000198417,grey
ENSG00000152133,turquoise
ENSG00000069248,turquoise
ENSG00000287737,turquoise
ENSG00000030582,turquoise
ENSG00000004776,grey
ENSG00000270681,grey
ENSG00000130766,grey
ENSG00000299000,blue
ENSG00000005108,turquoise
ENSG00000108924,turquoise
ENSG00000124788,turquoise
ENSG00000198467,grey
ENSG00000228661,turquoise
ENSG00000157542,turquoise
ENSG00000116711,turquoise
ENSG00000111262,turquoise
ENSG00000120318,blue
ENSG00000107185,turquoise
ENSG00000100417,turquoise
ENSG00000197045,turquoise
ENSG00000132153,turquoise
ENSG00000111361,turquoise
ENSG00000172031,turquoise
ENSG00000214309,turquoise
ENSG00000140043,black
ENSG00000171224,turquoise
ENSG00000096063,turquoise
ENSG00000080603,turquoise
ENSG00000179611,grey
ENSG00000273064,blue
ENSG00000170949,blue
ENSG00000123360,turquoise
ENSG00000144857,black
ENSG00000164176,blue
ENSG00000183943,grey
ENSG00000164609,turquoise
ENSG00000309544,turquoise
ENSG00000197713,turquoise
ENSG00000171067,turquoise
ENSG00000272148,turquoise
ENSG00000225110,turquoise
ENSG00000181929,turquoise
ENSG00000014641,turquoise
ENSG00000111726,turquoise
ENSG00000103194,turquoise
ENSG00000204262,turquoise
ENSG00000125454,turquoise
ENSG00000197372,turquoise
ENSG00000120868,turquoise
ENSG00000278847,grey
ENSG00000178209,turquoise
ENSG00000279803,brown
ENSG00000188404,red
ENSG00000184708,turquoise
ENSG00000166669,turquoise
ENSG00000185507,green
ENSG00000305774,turquoise
ENSG00000104643,turquoise
ENSG00000174640,turquoise
ENSG00000176244,yellow
ENSG00000150907,yellow
ENSG00000095932,grey
ENSG00000289404,green
ENSG00000173320,turquoise
ENSG00000099875,grey
ENSG00000132561,brown
ENSG00000225140,brown
ENSG00000235296,turquoise
ENSG00000167754,turquoise
ENSG00000249602,turquoise
ENSG00000132744,grey
ENSG00000184368,turquoise
ENSG00000271361,turquoise
ENSG00000180929,brown
ENSG00000089248,turquoise
ENSG00000175048,turquoise
ENSG00000105617,turquoise
ENSG00000165028,turquoise
ENSG00000176387,grey
ENSG00000176208,blue
ENSG00000235298,blue
ENSG00000080854,turquoise
ENSG00000260088,grey
ENSG00000242085,blue
ENSG00000229931,turquoise
ENSG00000166619,turquoise
ENSG00000136267,turquoise
ENSG00000102471,turquoise
ENSG00000012822,turquoise
ENSG00000173273,turquoise
ENSG00000196365,turquoise
ENSG00000213920,turquoise
ENSG00000130150,blue
ENSG00000258839,turquoise
ENSG00000160179,turquoise
ENSG00000234906,red
ENSG00000172348,turquoise
ENSG00000111711,turquoise
ENSG00000244405,grey
ENSG00000146223,turquoise
ENSG00000205810,grey
ENSG00000151338,turquoise
ENSG00000103591,turquoise
ENSG00000107438,green
ENSG00000198944,turquoise
ENSG00000169604,yellow
ENSG00000117069,turquoise
ENSG00000151779,turquoise
ENSG00000164100,turquoise
ENSG00000197858,turquoise
ENSG00000161011,turquoise
ENSG00000177679,turquoise
ENSG00000116754,turquoise
ENSG00000137996,turquoise
ENSG00000263934,grey
ENSG00000291168,turquoise
ENSG00000116455,turquoise
ENSG00000153339,turquoise
ENSG00000209082,grey
ENSG00000300095,grey
ENSG00000177465,turquoise
ENSG00000073536,turquoise
ENSG00000162511,red
ENSG00000112877,turquoise
ENSG00000224677,grey
ENSG00000115274,turquoise
ENSG00000177105,brown
ENSG00000145016,turquoise
ENSG00000173540,turquoise
ENSG00000165389,black
ENSG00000177542,grey
ENSG00000186687,turquoise
ENSG00000135624,turquoise
ENSG00000106299,turquoise
ENSG00000189410,turquoise
ENSG00000148400,brown
ENSG00000115593,turquoise
ENSG00000150394,turquoise
ENSG00000147050,blue
ENSG00000177000,turquoise
ENSG00000159199,turquoise
ENSG00000155363,grey
ENSG00000109854,turquoise
ENSG00000133247,blue
ENSG00000139641,turquoise
ENSG00000289500,turquoise
ENSG00000179941,turquoise
ENSG00000291214,brown
ENSG00000219607,grey
ENSG00000187688,turquoise
ENSG00000137563,turquoise
ENSG00000184524,grey
ENSG00000101265,brown
ENSG00000144120,turquoise
ENSG00000144645,turquoise
ENSG00000258289,turquoise
ENSG00000177807,yellow
ENSG00000120685,turquoise
ENSG00000289318,grey
ENSG00000273151,blue
ENSG00000179091,turquoise
ENSG00000117906,turquoise
ENSG00000055813,turquoise
ENSG00000259953,turquoise
ENSG00000130713,turquoise
ENSG00000135298,turquoise
ENSG00000127955,turquoise
ENSG00000157856,turquoise
ENSG00000100345,turquoise
ENSG00000139239,magenta
ENSG00000134291,turquoise
ENSG00000105366,red
ENSG00000204991,turquoise
ENSG00000112619,turquoise
ENSG00000145423,grey
ENSG00000157873,turquoise
ENSG00000287581,turquoise
ENSG00000256463,yellow
ENSG00000227057,turquoise
ENSG00000168546,grey
ENSG00000196976,turquoise
ENSG00000306637,grey
ENSG00000100519,turquoise
ENSG00000198121,brown
ENSG00000138101,turquoise
ENSG00000142920,turquoise
ENSG00000014138,turquoise
ENSG00000224924,brown
ENSG00000019144,brown
ENSG00000271824,turquoise
ENSG00000130287,grey
ENSG00000148840,turquoise
ENSG00000138439,turquoise
ENSG00000189221,yellow
ENSG00000171357,turquoise
ENSG00000255112,turquoise
ENSG00000089060,grey
ENSG00000095596,turquoise
ENSG00000281160,turquoise
ENSG00000164346,turquoise
ENSG00000172594,turquoise
ENSG00000089597,turquoise
ENSG00000278845,turquoise
ENSG00000274400,grey
ENSG00000165030,grey
ENSG00000259205,grey
ENSG00000215305,turquoise
ENSG00000103066,turquoise
ENSG00000254911,grey
ENSG00000141699,turquoise
ENSG00000105364,turquoise
ENSG00000198862,turquoise
ENSG00000169682,turquoise
ENSG00000175203,turquoise
ENSG00000165637,turquoise
ENSG00000123496,turquoise
ENSG00000114626,turquoise
ENSG00000111640,turquoise
ENSG00000268673,grey
ENSG00000206053,brown
ENSG00000132341,turquoise
ENSG00000164961,turquoise
ENSG00000146006,turquoise
ENSG00000214376,turquoise
ENSG00000188766,grey
ENSG00000129009,turquoise
ENSG00000148498,yellow
ENSG00000258768,turquoise
ENSG00000156875,turquoise
ENSG00000140983,turquoise
ENSG00000144366,turquoise
ENSG00000166819,yellow
ENSG00000101224,turquoise
ENSG00000196363,turquoise
ENSG00000159176,brown
ENSG00000114544,turquoise
ENSG00000101365,turquoise
ENSG00000007237,turquoise
ENSG00000170214,turquoise
ENSG00000164099,turquoise
ENSG00000174373,turquoise
ENSG00000288920,grey
ENSG00000171621,brown
ENSG00000142892,turquoise
ENSG00000007372,yellow
ENSG00000130203,yellow
ENSG00000111641,turquoise
ENSG00000155511,turquoise
ENSG00000175602,pink
ENSG00000068137,turquoise
ENSG00000072858,turquoise
ENSG00000135932,turquoise
ENSG00000300231,turquoise
ENSG00000196361,turquoise
ENSG00000071537,turquoise
ENSG00000271833,grey
ENSG00000149187,turquoise
ENSG00000134817,grey
ENSG00000280165,turquoise
ENSG00000182670,turquoise
ENSG00000203877,grey
ENSG00000291118,turquoise
ENSG00000224383,turquoise
ENSG00000244124,turquoise
ENSG00000041802,turquoise
ENSG00000143502,turquoise
ENSG00000133574,grey
ENSG00000198522,turquoise
ENSG00000079616,turquoise
ENSG00000196415,grey
ENSG00000154640,grey
ENSG00000064419,turquoise
ENSG00000182858,turquoise
ENSG00000196502,turquoise
ENSG00000104142,turquoise
ENSG00000127463,turquoise
ENSG00000165806,yellow
ENSG00000134042,yellow
ENSG00000131263,turquoise
ENSG00000254470,turquoise
ENSG00000143369,turquoise
ENSG00000103197,turquoise
ENSG00000289272,turquoise
ENSG00000270808,turquoise
ENSG00000114062,turquoise
ENSG00000175352,turquoise
ENSG00000169554,brown
ENSG00000173175,turquoise
ENSG00000260257,grey
ENSG00000289007,grey
ENSG00000204052,turquoise
ENSG00000172167,turquoise
ENSG00000255198,grey
ENSG00000268601,turquoise
ENSG00000285884,turquoise
ENSG00000147133,blue
ENSG00000162494,turquoise
ENSG00000162722,turquoise
ENSG00000084444,turquoise
ENSG00000133858,turquoise
ENSG00000179271,turquoise
ENSG00000166986,turquoise
ENSG00000163947,turquoise
ENSG00000198354,turquoise
ENSG00000185515,turquoise
ENSG00000112379,turquoise
ENSG00000144668,turquoise
ENSG00000197728,grey
ENSG00000100626,turquoise
ENSG00000108557,turquoise
ENSG00000146674,grey
ENSG00000276168,grey
ENSG00000184545,turquoise
ENSG00000205090,turquoise
ENSG00000081479,brown
ENSG00000196924,grey
ENSG00000287451,turquoise
ENSG00000137267,turquoise
ENSG00000204248,turquoise
ENSG00000248514,turquoise
ENSG00000232406,turquoise
ENSG00000049769,turquoise
ENSG00000147687,turquoise
ENSG00000141030,turquoise
ENSG00000066336,red
ENSG00000167414,brown
ENSG00000224985,turquoise
ENSG00000117114,turquoise
ENSG00000212371,grey
ENSG00000091039,turquoise
ENSG00000260641,turquoise
ENSG00000267769,turquoise
ENSG00000300133,grey
ENSG00000197106,turquoise
ENSG00000165168,red
ENSG00000262061,turquoise
ENSG00000274021,turquoise
ENSG00000266978,turquoise
ENSG00000254921,grey
ENSG00000288890,grey
ENSG00000235106,turquoise
ENSG00000162817,turquoise
ENSG00000300758,turquoise
ENSG00000261829,grey
ENSG00000143226,red
ENSG00000197852,turquoise
ENSG00000270457,grey
ENSG00000132356,turquoise
ENSG00000163320,turquoise
ENSG00000078747,turquoise
ENSG00000289810,grey
ENSG00000291139,turquoise
ENSG00000206693,grey
ENSG00000220205,turquoise
ENSG00000060656,turquoise
ENSG00000227051,turquoise
ENSG00000147481,turquoise
ENSG00000274253,turquoise
ENSG00000183036,grey
ENSG00000141279,turquoise
ENSG00000198804,grey
ENSG00000055917,turquoise
ENSG00000213713,turquoise
ENSG00000148158,turquoise
ENSG00000269288,grey
ENSG00000113638,turquoise
ENSG00000005448,turquoise
ENSG00000107147,turquoise
ENSG00000143171,grey
ENSG00000180776,blue
ENSG00000254127,turquoise
ENSG00000159479,turquoise
ENSG00000207955,brown
ENSG00000275888,blue
ENSG00000207145,turquoise
ENSG00000198131,turquoise
ENSG00000125398,yellow
ENSG00000185033,yellow
ENSG00000132694,turquoise
ENSG00000198331,turquoise
ENSG00000181585,turquoise
ENSG00000303113,blue
ENSG00000104833,turquoise
ENSG00000116138,turquoise
ENSG00000173110,grey
ENSG00000128159,turquoise
ENSG00000237836,turquoise
ENSG00000183230,brown
ENSG00000226070,turquoise
ENSG00000149269,turquoise
ENSG00000156504,turquoise
ENSG00000153162,green
ENSG00000182944,turquoise
ENSG00000289138,turquoise
ENSG00000115461,grey
ENSG00000180353,red
ENSG00000071991,brown
ENSG00000078674,turquoise
ENSG00000256235,green
ENSG00000290164,grey
ENSG00000110042,turquoise
ENSG00000128463,turquoise
ENSG00000268030,blue
ENSG00000100372,turquoise
ENSG00000267309,turquoise
ENSG00000149927,turquoise
ENSG00000078401,grey
ENSG00000141084,turquoise
ENSG00000170606,turquoise
ENSG00000143344,turquoise
ENSG00000197021,turquoise
ENSG00000157107,turquoise
ENSG00000107929,turquoise
ENSG00000047249,turquoise
ENSG00000197322,turquoise
ENSG00000142634,turquoise
ENSG00000183654,grey
ENSG00000168843,turquoise
ENSG00000141744,grey
ENSG00000178802,turquoise
ENSG00000153208,yellow
ENSG00000138074,turquoise
ENSG00000302655,turquoise
ENSG00000004799,yellow
ENSG00000088325,turquoise
ENSG00000170485,turquoise
ENSG00000106688,turquoise
ENSG00000280173,turquoise
ENSG00000286662,turquoise
ENSG00000115234,turquoise
ENSG00000166965,turquoise
ENSG00000221866,turquoise
ENSG00000203737,turquoise
ENSG00000170458,red
ENSG00000128849,yellow
ENSG00000173482,turquoise
ENSG00000188234,grey
ENSG00000171766,yellow
ENSG00000152332,turquoise
ENSG00000169032,turquoise
ENSG00000112214,grey
ENSG00000080573,grey
ENSG00000117791,black
ENSG00000151694,turquoise
ENSG00000162407,yellow
ENSG00000272654,turquoise
ENSG00000230555,turquoise
ENSG00000100439,yellow
ENSG00000112562,grey
ENSG00000197608,blue
ENSG00000198646,turquoise
ENSG00000138604,turquoise
ENSG00000172461,turquoise
ENSG00000167657,grey
ENSG00000171298,turquoise
ENSG00000040608,turquoise
ENSG00000266094,turquoise
ENSG00000114279,turquoise
ENSG00000132274,green
ENSG00000100077,turquoise
ENSG00000127445,turquoise
ENSG00000289295,turquoise
ENSG00000218416,turquoise
ENSG00000115053,turquoise
ENSG00000174738,turquoise
ENSG00000221968,turquoise
ENSG00000271781,turquoise
ENSG00000152642,turquoise
ENSG00000101421,turquoise
ENSG00000226396,grey
ENSG00000187609,turquoise
ENSG00000260941,turquoise
ENSG00000072062,turquoise
ENSG00000167645,turquoise
ENSG00000124440,yellow
ENSG00000137547,turquoise
ENSG00000118680,turquoise
ENSG00000205336,yellow
ENSG00000143374,turquoise
ENSG00000196843,green
ENSG00000180190,turquoise
ENSG00000188153,brown
ENSG00000161835,turquoise
ENSG00000132463,turquoise
ENSG00000054118,turquoise
ENSG00000255136,turquoise
ENSG00000206579,turquoise
ENSG00000007923,turquoise
ENSG00000187961,turquoise
ENSG00000160991,turquoise
ENSG00000102984,turquoise
ENSG00000105643,brown
ENSG00000290842,turquoise
ENSG00000182903,turquoise
ENSG00000146374,turquoise
ENSG00000141504,grey
ENSG00000130037,turquoise
ENSG00000270953,turquoise
ENSG00000130508,turquoise
ENSG00000143155,turquoise
ENSG00000174132,turquoise
ENSG00000107518,turquoise
ENSG00000164164,turquoise
ENSG00000160695,turquoise
ENSG00000116977,turquoise
ENSG00000146070,turquoise
ENSG00000183579,yellow
ENSG00000163131,red
ENSG00000126858,turquoise
ENSG00000226332,grey
ENSG00000151692,turquoise
ENSG00000170412,yellow
ENSG00000196071,turquoise
ENSG00000135775,turquoise
ENSG00000198925,turquoise
ENSG00000183346,turquoise
ENSG00000078140,turquoise
ENSG00000100014,turquoise
ENSG00000163531,turquoise
ENSG00000011600,red
ENSG00000117226,green
ENSG00000132199,brown
ENSG00000073464,turquoise
ENSG00000155966,turquoise
ENSG00000176946,grey
ENSG00000116254,turquoise
ENSG00000169567,turquoise
ENSG00000183665,turquoise
ENSG00000165782,turquoise
ENSG00000163170,turquoise
ENSG00000132254,turquoise
ENSG00000123999,turquoise
ENSG00000250506,blue
ENSG00000165023,turquoise
ENSG00000119711,yellow
ENSG00000100949,turquoise
ENSG00000085563,grey
ENSG00000068885,turquoise
ENSG00000140526,blue
ENSG00000113312,turquoise
ENSG00000278654,turquoise
ENSG00000110958,turquoise
ENSG00000124205,grey
ENSG00000081026,turquoise
ENSG00000152749,turquoise
ENSG00000156463,turquoise
ENSG00000227543,turquoise
ENSG00000116580,turquoise
ENSG00000124126,brown
ENSG00000188811,turquoise
ENSG00000225953,turquoise
ENSG00000171303,turquoise
ENSG00000157214,turquoise
ENSG00000296997,grey
ENSG00000078018,turquoise
ENSG00000113916,green
ENSG00000172995,turquoise
ENSG00000123643,turquoise
ENSG00000176463,blue
ENSG00000185829,turquoise
ENSG00000304421,turquoise
ENSG00000100241,turquoise
ENSG00000145743,turquoise
ENSG00000159674,turquoise
ENSG00000173269,green
ENSG00000235280,turquoise
ENSG00000130066,green
ENSG00000185567,turquoise
ENSG00000124772,turquoise
ENSG00000116106,turquoise
ENSG00000267108,grey
ENSG00000157540,turquoise
ENSG00000137269,brown
ENSG00000182154,pink
ENSG00000116791,turquoise
ENSG00000198039,turquoise
ENSG00000166200,turquoise
ENSG00000132640,turquoise
ENSG00000143862,turquoise
ENSG00000171311,turquoise
ENSG00000161940,grey
ENSG00000232503,turquoise
ENSG00000119523,turquoise
ENSG00000137414,turquoise
ENSG00000004700,blue
ENSG00000150764,blue
ENSG00000181291,turquoise
ENSG00000155903,turquoise
ENSG00000137168,turquoise
ENSG00000198689,turquoise
ENSG00000300742,grey
ENSG00000279878,turquoise
ENSG00000269858,turquoise
ENSG00000139182,turquoise
ENSG00000101222,turquoise
ENSG00000162642,turquoise
ENSG00000279278,turquoise
ENSG00000187867,turquoise
ENSG00000178386,turquoise
ENSG00000127220,turquoise
ENSG00000152518,black
ENSG00000121989,turquoise
ENSG00000133661,turquoise
ENSG00000125821,turquoise
ENSG00000104290,turquoise
ENSG00000139318,grey
ENSG00000196136,green
ENSG00000223501,turquoise
ENSG00000136244,green
ENSG00000074527,turquoise
ENSG00000267750,turquoise
ENSG00000109065,turquoise
ENSG00000166002,grey
ENSG00000132965,red
ENSG00000119801,turquoise
ENSG00000114646,turquoise
ENSG00000105993,turquoise
ENSG00000127124,turquoise
ENSG00000157654,turquoise
ENSG00000186212,turquoise
ENSG00000049089,brown
ENSG00000182378,turquoise
ENSG00000295622,grey
ENSG00000189241,turquoise
ENSG00000136010,turquoise
ENSG00000197043,turquoise
ENSG00000199933,grey
ENSG00000142230,turquoise
ENSG00000119787,turquoise
ENSG00000149182,turquoise
ENSG00000186230,turquoise
ENSG00000122778,turquoise
ENSG00000168994,green
ENSG00000142453,turquoise
ENSG00000128791,black
ENSG00000169413,red
ENSG00000130299,turquoise
ENSG00000271882,turquoise
ENSG00000133561,grey
ENSG00000303372,grey
ENSG00000170074,turquoise
ENSG00000270059,turquoise
ENSG00000165349,turquoise
ENSG00000165443,turquoise
ENSG00000292993,turquoise
ENSG00000210151,grey
ENSG00000102125,turquoise
ENSG00000133606,turquoise
ENSG00000224940,turquoise
ENSG00000164651,turquoise
ENSG00000176105,brown
ENSG00000111652,turquoise
ENSG00000140553,turquoise
ENSG00000130559,turquoise
ENSG00000144290,turquoise
ENSG00000071462,turquoise
ENSG00000092621,brown
ENSG00000046889,yellow
ENSG00000183688,grey
ENSG00000099954,brown
ENSG00000291119,turquoise
ENSG00000116001,turquoise
ENSG00000301067,grey
ENSG00000139438,brown
ENSG00000137821,turquoise
ENSG00000283662,turquoise
ENSG00000131435,green
ENSG00000301902,grey
ENSG00000153107,turquoise
ENSG00000163110,yellow
ENSG00000146535,yellow
ENSG00000154478,turquoise
ENSG00000162783,turquoise
ENSG00000167615,turquoise
ENSG00000280332,turquoise
ENSG00000060237,brown
ENSG00000155100,turquoise
ENSG00000007384,grey
ENSG00000288752,grey
ENSG00000132359,turquoise
ENSG00000258424,blue
ENSG00000259985,turquoise
ENSG00000186141,turquoise
ENSG00000255513,turquoise
ENSG00000100296,turquoise
ENSG00000121064,turquoise
ENSG00000145919,turquoise
ENSG00000296720,grey
ENSG00000161692,blue
ENSG00000140743,turquoise
ENSG00000260425,turquoise
ENSG00000289507,turquoise
ENSG00000006025,turquoise
ENSG00000123329,turquoise
ENSG00000135334,turquoise
ENSG00000206052,turquoise
ENSG00000145864,turquoise
ENSG00000176171,turquoise
ENSG00000123091,turquoise
ENSG00000165810,grey
ENSG00000115540,turquoise
ENSG00000246859,turquoise
ENSG00000186487,turquoise
ENSG00000102755,green
ENSG00000141480,turquoise
ENSG00000105197,grey
ENSG00000163462,turquoise
ENSG00000288924,brown
ENSG00000243716,turquoise
ENSG00000109501,black
ENSG00000101333,turquoise
ENSG00000164077,turquoise
ENSG00000042286,turquoise
ENSG00000164535,turquoise
ENSG00000050030,turquoise
ENSG00000244187,turquoise
ENSG00000164163,turquoise
ENSG00000075151,turquoise
ENSG00000020577,grey
ENSG00000130052,green
ENSG00000206834,grey
ENSG00000237082,brown
ENSG00000113356,turquoise
ENSG00000269069,blue
ENSG00000101198,grey
ENSG00000205279,turquoise
ENSG00000114013,red
ENSG00000114315,grey
ENSG00000007392,turquoise
ENSG00000182463,turquoise
ENSG00000155970,turquoise
ENSG00000162641,grey
ENSG00000140798,turquoise
ENSG00000289001,brown
ENSG00000052126,turquoise
ENSG00000298047,grey
ENSG00000170324,turquoise
ENSG00000112699,turquoise
ENSG00000166508,brown
ENSG00000126391,turquoise
ENSG00000119446,turquoise
ENSG00000133216,turquoise
ENSG00000163273,turquoise
ENSG00000169515,yellow
ENSG00000166171,turquoise
ENSG00000204130,turquoise
ENSG00000170004,turquoise
ENSG00000263874,turquoise
ENSG00000211895,grey
ENSG00000112183,turquoise
ENSG00000181019,yellow
ENSG00000147679,turquoise
ENSG00000132026,grey
ENSG00000035862,turquoise
ENSG00000196405,turquoise
ENSG00000125827,turquoise
ENSG00000273759,blue
ENSG00000151322,yellow
ENSG00000170638,blue
ENSG00000269352,blue
ENSG00000111218,turquoise
ENSG00000173715,turquoise
ENSG00000167191,brown
ENSG00000148842,turquoise
ENSG00000113749,turquoise
ENSG00000305432,grey
ENSG00000158220,turquoise
ENSG00000166402,turquoise
ENSG00000198797,turquoise
ENSG00000223313,grey
ENSG00000165983,grey
ENSG00000163683,turquoise
ENSG00000171735,turquoise
ENSG00000204271,turquoise
ENSG00000110108,turquoise
ENSG00000148834,turquoise
ENSG00000114923,turquoise
ENSG00000125744,turquoise
ENSG00000157778,turquoise
ENSG00000260196,turquoise
ENSG00000279488,turquoise
ENSG00000113407,turquoise
ENSG00000145819,turquoise
ENSG00000171659,red
ENSG00000185290,grey
ENSG00000180992,turquoise
ENSG00000090273,turquoise
ENSG00000105559,green
ENSG00000145725,turquoise
ENSG00000223403,turquoise
ENSG00000099860,green
ENSG00000300103,grey
ENSG00000275367,grey
ENSG00000080823,turquoise
ENSG00000197860,turquoise
ENSG00000005961,turquoise
ENSG00000215397,turquoise
ENSG00000254245,yellow
ENSG00000134490,turquoise
ENSG00000113758,turquoise
ENSG00000163827,turquoise
ENSG00000284194,turquoise
ENSG00000143624,turquoise
ENSG00000268205,blue
ENSG00000184986,pink
ENSG00000248275,turquoise
ENSG00000138182,turquoise
ENSG00000151465,turquoise
ENSG00000133083,turquoise
ENSG00000155324,yellow
ENSG00000149136,turquoise
ENSG00000306327,turquoise
ENSG00000036257,turquoise
ENSG00000179841,turquoise
ENSG00000272195,grey
ENSG00000072803,turquoise
ENSG00000148300,turquoise
ENSG00000273394,turquoise
ENSG00000183431,turquoise
ENSG00000086289,turquoise
ENSG00000198612,turquoise
ENSG00000143457,turquoise
ENSG00000130193,turquoise
ENSG00000163083,yellow
ENSG00000188981,turquoise
ENSG00000146592,brown
ENSG00000182568,turquoise
ENSG00000164292,yellow
ENSG00000168259,turquoise
ENSG00000169744,turquoise
ENSG00000072135,turquoise
ENSG00000118432,turquoise
ENSG00000155099,turquoise
ENSG00000152977,green
ENSG00000001460,turquoise
ENSG00000178726,green
ENSG00000147121,turquoise
ENSG00000249992,turquoise
ENSG00000163624,turquoise
ENSG00000113643,turquoise
ENSG00000129028,turquoise
ENSG00000109832,turquoise
ENSG00000131015,turquoise
ENSG00000184897,pink
ENSG00000161267,turquoise
ENSG00000224205,grey
ENSG00000106608,turquoise
ENSG00000265018,grey
ENSG00000304662,turquoise
ENSG00000166707,turquoise
ENSG00000122674,turquoise
ENSG00000163046,turquoise
ENSG00000185915,turquoise
ENSG00000196376,turquoise
ENSG00000273018,grey
ENSG00000149428,turquoise
ENSG00000133958,turquoise
ENSG00000250510,grey
ENSG00000173275,turquoise
ENSG00000137166,turquoise
ENSG00000136167,red
ENSG00000160049,turquoise
ENSG00000266173,turquoise
ENSG00000155090,turquoise
ENSG00000213853,green
ENSG00000119986,turquoise
ENSG00000103495,turquoise
ENSG00000167487,turquoise
ENSG00000270083,grey
ENSG00000108424,turquoise
ENSG00000123240,turquoise
ENSG00000084774,blue
ENSG00000170439,grey
ENSG00000143110,red
ENSG00000273253,turquoise
ENSG00000161010,turquoise
ENSG00000204642,green
ENSG00000158825,grey
ENSG00000122584,turquoise
ENSG00000162999,turquoise
ENSG00000070785,turquoise
ENSG00000240207,turquoise
ENSG00000084093,brown
ENSG00000256771,blue
ENSG00000148700,yellow
ENSG00000184271,turquoise
ENSG00000169750,turquoise
ENSG00000166250,turquoise
ENSG00000105538,turquoise
ENSG00000135069,yellow
ENSG00000028839,turquoise
ENSG00000305018,blue
ENSG00000146122,brown
ENSG00000295836,turquoise
ENSG00000273014,grey
ENSG00000188976,turquoise
ENSG00000171246,turquoise
ENSG00000180616,turquoise
ENSG00000130787,blue
ENSG00000151623,turquoise
ENSG00000260075,grey
ENSG00000141425,turquoise
ENSG00000136205,grey
ENSG00000274727,grey
ENSG00000129933,blue
ENSG00000141664,turquoise
ENSG00000076067,green
ENSG00000177084,turquoise
ENSG00000177565,turquoise
ENSG00000165643,turquoise
ENSG00000109920,blue
ENSG00000138311,turquoise
ENSG00000228078,grey
ENSG00000133226,blue
ENSG00000169683,turquoise
ENSG00000276533,grey
ENSG00000006715,turquoise
ENSG00000104722,turquoise
ENSG00000144550,turquoise
ENSG00000168234,turquoise
ENSG00000101544,turquoise
ENSG00000142687,turquoise
ENSG00000160539,turquoise
ENSG00000103269,turquoise
ENSG00000163161,turquoise
ENSG00000099341,turquoise
ENSG00000153721,brown
ENSG00000184432,turquoise
ENSG00000268707,grey
ENSG00000022267,turquoise
ENSG00000135127,turquoise
ENSG00000179862,pink
ENSG00000163138,turquoise
ENSG00000164076,turquoise
ENSG00000276520,grey
ENSG00000118514,turquoise
ENSG00000174780,turquoise
ENSG00000188322,turquoise
ENSG00000151726,blue
ENSG00000224592,turquoise
ENSG00000008710,turquoise
ENSG00000280670,grey
ENSG00000167257,turquoise
ENSG00000185019,grey
ENSG00000260051,turquoise
ENSG00000301045,turquoise
ENSG00000252464,grey
ENSG00000132563,grey
ENSG00000144867,turquoise
ENSG00000108828,turquoise
ENSG00000164615,turquoise
ENSG00000084628,turquoise
ENSG00000151693,turquoise
ENSG00000140104,turquoise
ENSG00000143224,turquoise
ENSG00000056487,yellow
ENSG00000188026,turquoise
ENSG00000128242,brown
ENSG00000129480,turquoise
ENSG00000069329,turquoise
ENSG00000212916,turquoise
ENSG00000143575,turquoise
ENSG00000023171,turquoise
ENSG00000186187,turquoise
ENSG00000160963,turquoise
ENSG00000126581,turquoise
ENSG00000186417,brown
ENSG00000205213,black
ENSG00000196118,turquoise
ENSG00000130770,turquoise
ENSG00000115310,turquoise
ENSG00000277959,grey
ENSG00000267060,turquoise
ENSG00000173193,green
ENSG00000119421,turquoise
ENSG00000170153,turquoise
ENSG00000129472,turquoise
ENSG00000169231,turquoise
ENSG00000102699,brown
ENSG00000138166,grey
ENSG00000104866,turquoise
ENSG00000168394,green
ENSG00000054967,turquoise
ENSG00000125144,grey
ENSG00000107362,blue
ENSG00000133731,turquoise
ENSG00000141568,turquoise
ENSG00000141934,brown
ENSG00000159593,turquoise
ENSG00000260708,turquoise
ENSG00000115963,grey
ENSG00000125618,grey
ENSG00000090339,green
ENSG00000256193,turquoise
ENSG00000076344,turquoise
ENSG00000240583,brown
ENSG00000116574,brown
ENSG00000147650,turquoise
ENSG00000138386,turquoise
ENSG00000225978,grey
ENSG00000109255,turquoise
ENSG00000132581,turquoise
ENSG00000135636,brown
ENSG00000171867,turquoise
ENSG00000163032,turquoise
ENSG00000118298,brown
ENSG00000283409,grey
ENSG00000272079,turquoise
ENSG00000210135,grey
ENSG00000183793,grey
ENSG00000173039,grey
ENSG00000143740,turquoise
ENSG00000237338,grey
ENSG00000165300,turquoise
ENSG00000003756,blue
ENSG00000005882,turquoise
ENSG00000283928,turquoise
ENSG00000085415,turquoise
ENSG00000175054,turquoise
ENSG00000123612,turquoise
ENSG00000173391,red
ENSG00000111897,turquoise
ENSG00000100592,turquoise
ENSG00000110077,red
ENSG00000175426,turquoise
ENSG00000005100,turquoise
ENSG00000283071,grey
ENSG00000275910,grey
ENSG00000165209,turquoise
ENSG00000008853,turquoise
ENSG00000234745,green
ENSG00000161091,grey
ENSG00000144224,turquoise
ENSG00000129654,grey
ENSG00000136021,turquoise
ENSG00000120008,turquoise
ENSG00000228232,grey
ENSG00000177556,turquoise
ENSG00000172817,black
ENSG00000249106,grey
ENSG00000011347,turquoise
ENSG00000271778,grey
ENSG00000136827,turquoise
ENSG00000141522,turquoise
ENSG00000185745,turquoise
ENSG00000289371,brown
ENSG00000187713,turquoise
ENSG00000177990,turquoise
ENSG00000174586,turquoise
ENSG00000258944,grey
ENSG00000223953,grey
ENSG00000005513,brown
ENSG00000182013,turquoise
ENSG00000134717,turquoise
ENSG00000079337,brown
ENSG00000110237,turquoise
ENSG00000153310,turquoise
ENSG00000004487,turquoise
ENSG00000198569,grey
ENSG00000258789,turquoise
ENSG00000079841,turquoise
ENSG00000103769,turquoise
ENSG00000175899,grey
ENSG00000048828,turquoise
ENSG00000196850,turquoise
ENSG00000144908,yellow
ENSG00000234287,grey
ENSG00000102271,blue
ENSG00000145506,turquoise
ENSG00000146083,turquoise
ENSG00000273611,turquoise
ENSG00000115896,blue
ENSG00000066777,turquoise
ENSG00000167699,turquoise
ENSG00000305182,turquoise
ENSG00000149305,turquoise
ENSG00000167333,turquoise
ENSG00000184178,turquoise
ENSG00000002016,blue
ENSG00000184985,black
ENSG00000188580,turquoise
ENSG00000115464,blue
ENSG00000131188,pink
ENSG00000213672,turquoise
ENSG00000212907,grey
ENSG00000118523,grey
ENSG00000110422,black
ENSG00000111911,turquoise
ENSG00000154518,turquoise
ENSG00000196655,turquoise
ENSG00000005893,blue
ENSG00000109819,turquoise
ENSG00000095203,turquoise
ENSG00000238243,turquoise
ENSG00000296434,turquoise
ENSG00000197114,turquoise
ENSG00000189157,turquoise
ENSG00000123358,grey
ENSG00000095397,brown
ENSG00000305081,turquoise
ENSG00000298681,grey
ENSG00000100764,turquoise
ENSG00000167986,turquoise
ENSG00000141542,turquoise
ENSG00000166340,black
ENSG00000182621,turquoise
ENSG00000278041,brown
ENSG00000143318,turquoise
ENSG00000111325,turquoise
ENSG00000185238,black
ENSG00000164068,turquoise
ENSG00000159871,turquoise
ENSG00000197077,turquoise
ENSG00000307516,turquoise
ENSG00000184194,turquoise
ENSG00000092758,brown
ENSG00000156219,turquoise
ENSG00000213424,turquoise
ENSG00000254122,black
ENSG00000172409,turquoise
ENSG00000179144,grey
ENSG00000197019,grey
ENSG00000099715,grey
ENSG00000183527,turquoise
ENSG00000196911,turquoise
ENSG00000127952,turquoise
ENSG00000189337,turquoise
ENSG00000137075,turquoise
ENSG00000166582,turquoise
ENSG00000169758,grey
ENSG00000157368,turquoise
ENSG00000225465,turquoise
ENSG00000261325,turquoise
ENSG00000110436,yellow
ENSG00000128739,turquoise
ENSG00000137814,turquoise
ENSG00000155506,turquoise
ENSG00000115252,turquoise
ENSG00000160949,turquoise
ENSG00000133687,turquoise
ENSG00000293645,turquoise
ENSG00000221676,grey
ENSG00000115657,turquoise
ENSG00000162129,turquoise
ENSG00000135018,turquoise
ENSG00000259933,turquoise
ENSG00000163576,grey
ENSG00000163950,turquoise
ENSG00000158545,turquoise
ENSG00000054116,turquoise
ENSG00000146352,turquoise
ENSG00000155097,turquoise
ENSG00000181085,grey
ENSG00000178149,turquoise
ENSG00000255142,turquoise
ENSG00000147378,grey
ENSG00000197903,turquoise
ENSG00000151287,turquoise
ENSG00000281490,blue
ENSG00000215301,turquoise
ENSG00000166170,turquoise
ENSG00000008405,black
ENSG00000106976,turquoise
ENSG00000041515,turquoise
ENSG00000108578,turquoise
ENSG00000196872,turquoise
ENSG00000095787,turquoise
ENSG00000205746,turquoise
ENSG00000134121,turquoise
ENSG00000101444,turquoise
ENSG00000205002,turquoise
ENSG00000136045,turquoise
ENSG00000303719,grey
ENSG00000006652,turquoise
ENSG00000158769,green
ENSG00000281189,turquoise
ENSG00000167323,turquoise
ENSG00000101782,turquoise
ENSG00000291129,blue
ENSG00000139433,brown
ENSG00000100650,blue
ENSG00000173258,turquoise
ENSG00000253096,grey
ENSG00000204287,red
ENSG00000172014,grey
ENSG00000204406,turquoise
ENSG00000151702,grey
ENSG00000151208,blue
ENSG00000129824,grey
ENSG00000119760,turquoise
ENSG00000084453,brown
ENSG00000258484,grey
ENSG00000165678,turquoise
ENSG00000042317,turquoise
ENSG00000164252,turquoise
ENSG00000070388,pink
ENSG00000102109,pink
ENSG00000100865,turquoise
ENSG00000142102,green
ENSG00000141428,turquoise
ENSG00000196878,turquoise
ENSG00000180881,turquoise
ENSG00000166927,red
ENSG00000174953,turquoise
ENSG00000176108,turquoise
ENSG00000135185,turquoise
ENSG00000147155,turquoise
ENSG00000186847,grey
ENSG00000211459,grey
ENSG00000150337,red
ENSG00000160570,grey
ENSG00000142235,turquoise
ENSG00000115944,turquoise
ENSG00000089041,blue
ENSG00000233487,turquoise
ENSG00000204650,grey
ENSG00000141644,turquoise
ENSG00000143179,turquoise
ENSG00000154305,turquoise
ENSG00000189306,turquoise
ENSG00000067596,turquoise
ENSG00000274422,turquoise
ENSG00000023516,turquoise
ENSG00000296069,turquoise
ENSG00000189319,blue
ENSG00000116852,turquoise
ENSG00000160282,grey
ENSG00000109458,brown
ENSG00000141458,brown
ENSG00000186818,red
ENSG00000152078,turquoise
ENSG00000178075,yellow
ENSG00000254901,turquoise
ENSG00000290803,turquoise
ENSG00000144339,turquoise
ENSG00000082458,turquoise
ENSG00000242802,turquoise
ENSG00000135318,yellow
ENSG00000224243,turquoise
ENSG00000207561,grey
ENSG00000281468,turquoise
ENSG00000176125,turquoise
ENSG00000167460,turquoise
ENSG00000067167,black
ENSG00000067182,green
ENSG00000183684,turquoise
ENSG00000167315,yellow
ENSG00000171492,blue
ENSG00000124523,turquoise
ENSG00000148344,grey
ENSG00000204178,turquoise
ENSG00000141505,turquoise
ENSG00000123096,yellow
ENSG00000116005,turquoise
ENSG00000164161,brown
ENSG00000288612,turquoise
ENSG00000078053,turquoise
ENSG00000134265,turquoise
ENSG00000114742,turquoise
ENSG00000104808,turquoise
ENSG00000143590,grey
ENSG00000260884,turquoise
ENSG00000077063,turquoise
ENSG00000144362,turquoise
ENSG00000025772,turquoise
ENSG00000082996,blue
ENSG00000111653,turquoise
ENSG00000033011,turquoise
ENSG00000141068,blue
ENSG00000152061,turquoise
ENSG00000294284,grey
ENSG00000183597,turquoise
ENSG00000205138,turquoise
ENSG00000141582,turquoise
ENSG00000185946,turquoise
ENSG00000244560,turquoise
ENSG00000197121,turquoise
ENSG00000157693,turquoise
ENSG00000069696,grey
ENSG00000078902,turquoise
ENSG00000169851,turquoise
ENSG00000221955,turquoise
ENSG00000170049,turquoise
ENSG00000117016,turquoise
ENSG00000076685,blue
ENSG00000182636,turquoise
ENSG00000272836,blue
ENSG00000269945,turquoise
ENSG00000165509,blue
ENSG00000160294,turquoise
ENSG00000136270,turquoise
ENSG00000006016,grey
ENSG00000165169,turquoise
ENSG00000096384,turquoise
ENSG00000144935,turquoise
ENSG00000134533,yellow
ENSG00000147588,grey
ENSG00000166226,turquoise
ENSG00000164530,brown
ENSG00000120063,black
ENSG00000274653,blue
ENSG00000160007,turquoise
ENSG00000205352,turquoise
ENSG00000160712,green
ENSG00000115194,turquoise
ENSG00000139629,brown
ENSG00000120658,turquoise
ENSG00000167703,turquoise
ENSG00000153558,turquoise
ENSG00000117155,turquoise
ENSG00000214401,grey
ENSG00000150990,turquoise
ENSG00000152894,turquoise
ENSG00000279059,turquoise
ENSG00000065361,brown
ENSG00000230224,blue
ENSG00000260426,grey
ENSG00000185105,grey
ENSG00000225905,brown
ENSG00000090020,turquoise
ENSG00000148291,turquoise
ENSG00000101413,turquoise
ENSG00000203896,turquoise
ENSG00000165731,turquoise
ENSG00000273055,turquoise
ENSG00000233954,turquoise
ENSG00000167985,turquoise
ENSG00000225670,turquoise
ENSG00000174136,turquoise
ENSG00000152467,turquoise
ENSG00000124217,turquoise
ENSG00000103485,turquoise
ENSG00000134852,turquoise
ENSG00000245261,turquoise
ENSG00000185716,turquoise
ENSG00000309174,turquoise
ENSG00000261371,green
ENSG00000165661,turquoise
ENSG00000062096,grey
ENSG00000103274,turquoise
ENSG00000187730,turquoise
ENSG00000207697,grey
ENSG00000165724,turquoise
ENSG00000230707,turquoise
ENSG00000170396,turquoise
ENSG00000104419,brown
ENSG00000290854,turquoise
ENSG00000200259,grey
ENSG00000184056,turquoise
ENSG00000235026,turquoise
ENSG00000144959,turquoise
ENSG00000219545,turquoise
ENSG00000204065,turquoise
ENSG00000272807,turquoise
ENSG00000141540,brown
ENSG00000054277,turquoise
ENSG00000165516,turquoise
ENSG00000137804,grey
ENSG00000196767,grey
ENSG00000259262,grey
ENSG00000263301,grey
ENSG00000081985,turquoise
ENSG00000277149,turquoise
ENSG00000077585,yellow
ENSG00000137496,green
ENSG00000215241,turquoise
ENSG00000134352,black
ENSG00000254612,turquoise
ENSG00000115386,grey
ENSG00000102974,turquoise
ENSG00000135439,turquoise
ENSG00000225556,turquoise
ENSG00000136731,turquoise
ENSG00000304406,turquoise
ENSG00000288722,turquoise
ENSG00000196735,red
ENSG00000057608,turquoise
ENSG00000141198,turquoise
ENSG00000092929,blue
ENSG00000136153,turquoise
ENSG00000196943,turquoise
ENSG00000101203,grey
ENSG00000065325,grey
ENSG00000112739,turquoise
ENSG00000178015,turquoise
ENSG00000091651,turquoise
ENSG00000137274,turquoise
ENSG00000128016,green
ENSG00000065268,grey
ENSG00000175077,turquoise
ENSG00000112280,grey
ENSG00000070526,grey
ENSG00000182484,grey
ENSG00000125148,yellow
ENSG00000142655,turquoise
ENSG00000107679,turquoise
ENSG00000128590,turquoise
ENSG00000081913,brown
ENSG00000099194,brown
ENSG00000273682,grey
ENSG00000187391,turquoise
ENSG00000000419,turquoise
ENSG00000104343,turquoise
ENSG00000109606,turquoise
ENSG00000165959,brown
ENSG00000186951,yellow
ENSG00000136274,turquoise
ENSG00000131504,turquoise
ENSG00000170445,turquoise
ENSG00000137486,turquoise
ENSG00000053372,turquoise
ENSG00000053438,turquoise
ENSG00000204257,red
ENSG00000259234,turquoise
ENSG00000159904,turquoise
ENSG00000128039,turquoise
ENSG00000056736,yellow
ENSG00000088356,turquoise
ENSG00000204310,turquoise
ENSG00000198822,turquoise
ENSG00000101384,green
ENSG00000105778,turquoise
ENSG00000173114,turquoise
ENSG00000291156,turquoise
ENSG00000089123,turquoise
ENSG00000154319,yellow
ENSG00000163001,turquoise
ENSG00000136143,turquoise
ENSG00000200253,grey
ENSG00000187778,turquoise
ENSG00000113716,turquoise
ENSG00000143850,turquoise
ENSG00000162004,turquoise
ENSG00000072110,turquoise
ENSG00000100146,brown
ENSG00000064932,green
ENSG00000261270,grey
ENSG00000214021,blue
ENSG00000290738,turquoise
ENSG00000127946,brown
ENSG00000123570,turquoise
ENSG00000120341,turquoise
ENSG00000300467,turquoise
ENSG00000166436,turquoise
ENSG00000116096,turquoise
ENSG00000183624,turquoise
ENSG00000105329,red
ENSG00000129295,turquoise
ENSG00000153012,turquoise
ENSG00000118946,turquoise
ENSG00000111237,turquoise
ENSG00000139645,turquoise
ENSG00000166181,turquoise
ENSG00000108671,turquoise
ENSG00000248905,turquoise
ENSG00000167470,grey
ENSG00000132589,turquoise
ENSG00000223548,yellow
ENSG00000152464,turquoise
ENSG00000111669,turquoise
ENSG00000160183,yellow
ENSG00000170891,red
ENSG00000258517,turquoise
ENSG00000145721,yellow
ENSG00000182870,turquoise
ENSG00000223496,turquoise
ENSG00000283992,grey
ENSG00000011021,turquoise
ENSG00000111087,grey
ENSG00000227329,grey
ENSG00000114346,turquoise
ENSG00000018408,green
ENSG00000291207,turquoise
ENSG00000167772,yellow
ENSG00000075391,turquoise
ENSG00000270871,blue
ENSG00000153786,turquoise
ENSG00000146192,red
ENSG00000068079,green
ENSG00000163539,turquoise
ENSG00000135372,turquoise
ENSG00000111615,turquoise
ENSG00000173818,turquoise
ENSG00000277744,grey
ENSG00000179477,turquoise
ENSG00000163923,turquoise
ENSG00000127054,turquoise
ENSG00000285928,turquoise
ENSG00000280776,turquoise
ENSG00000177054,turquoise
ENSG00000176890,brown
ENSG00000225507,turquoise
ENSG00000169926,turquoise
ENSG00000138078,turquoise
ENSG00000126249,turquoise
ENSG00000266489,grey
ENSG00000198382,turquoise
ENSG00000119397,blue
ENSG00000140105,turquoise
ENSG00000125337,grey
ENSG00000265354,turquoise
ENSG00000157837,turquoise
ENSG00000249115,blue
ENSG00000214456,yellow
ENSG00000164654,turquoise
ENSG00000058668,turquoise
ENSG00000112651,turquoise
ENSG00000115020,turquoise
ENSG00000008294,blue
ENSG00000151834,black
ENSG00000160218,turquoise
ENSG00000221803,grey
ENSG00000094914,turquoise
ENSG00000119004,black
ENSG00000133872,turquoise
ENSG00000100918,turquoise
ENSG00000152795,turquoise
ENSG00000090674,turquoise
ENSG00000234175,turquoise
ENSG00000159377,turquoise
ENSG00000205808,turquoise
ENSG00000107796,grey
ENSG00000117228,green
ENSG00000184185,turquoise
ENSG00000133059,turquoise
ENSG00000198695,grey
ENSG00000024526,turquoise
ENSG00000106399,turquoise
ENSG00000156735,turquoise
ENSG00000083454,turquoise
ENSG00000154079,turquoise
ENSG00000134058,turquoise
ENSG00000289978,grey
ENSG00000255366,turquoise
ENSG00000100242,blue
ENSG00000166780,turquoise
ENSG00000160877,turquoise
ENSG00000202533,grey
ENSG00000168961,red
ENSG00000145794,brown
ENSG00000158019,turquoise
ENSG00000103174,turquoise
ENSG00000036448,turquoise
ENSG00000275582,blue
ENSG00000189403,blue
ENSG00000012171,brown
ENSG00000154493,brown
ENSG00000099822,turquoise
ENSG00000232803,green
ENSG00000143869,turquoise
ENSG00000096088,grey
ENSG00000129355,grey
ENSG00000182873,turquoise
ENSG00000159082,turquoise
ENSG00000049245,brown
ENSG00000106789,turquoise
ENSG00000261399,grey
ENSG00000310127,grey
ENSG00000230847,grey
ENSG00000236279,grey
ENSG00000100138,turquoise
ENSG00000134759,turquoise
ENSG00000256973,turquoise
ENSG00000154258,turquoise
ENSG00000288568,turquoise
ENSG00000227097,grey
ENSG00000055609,blue
ENSG00000238227,turquoise
ENSG00000105429,turquoise
ENSG00000087470,turquoise
ENSG00000173418,turquoise
ENSG00000119688,turquoise
ENSG00000136950,turquoise
ENSG00000297711,turquoise
ENSG00000114120,turquoise
ENSG00000136883,turquoise
ENSG00000251819,grey
ENSG00000213967,turquoise
ENSG00000140199,turquoise
ENSG00000132323,turquoise
ENSG00000094804,turquoise
ENSG00000150768,turquoise
ENSG00000307523,turquoise
ENSG00000006125,turquoise
ENSG00000124177,turquoise
ENSG00000169727,grey
ENSG00000118518,turquoise
ENSG00000138448,black
ENSG00000151461,turquoise
ENSG00000092096,turquoise
ENSG00000227953,turquoise
ENSG00000106367,turquoise
ENSG00000255284,turquoise
ENSG00000074410,grey
ENSG00000090263,turquoise
ENSG00000115041,turquoise
ENSG00000117625,turquoise
ENSG00000156873,turquoise
ENSG00000105792,turquoise
ENSG00000135973,turquoise
ENSG00000089280,turquoise
ENSG00000139988,turquoise
ENSG00000260465,blue
ENSG00000145147,turquoise
ENSG00000151725,black
ENSG00000185825,grey
ENSG00000270607,turquoise
ENSG00000155096,turquoise
ENSG00000143569,turquoise
ENSG00000119048,turquoise
ENSG00000265474,grey
ENSG00000105447,turquoise
ENSG00000126500,turquoise
ENSG00000107614,turquoise
ENSG00000051523,red
ENSG00000226107,turquoise
ENSG00000246451,blue
ENSG00000185269,grey
ENSG00000138678,turquoise
ENSG00000126767,turquoise
ENSG00000197157,turquoise
ENSG00000116771,turquoise
ENSG00000182405,turquoise
ENSG00000287720,turquoise
ENSG00000095059,turquoise
ENSG00000297862,blue
ENSG00000149679,turquoise
ENSG00000143630,turquoise
ENSG00000213578,grey
ENSG00000189159,turquoise
ENSG00000249915,turquoise
ENSG00000103449,brown
ENSG00000025800,turquoise
ENSG00000000938,green
ENSG00000134333,turquoise
ENSG00000264364,turquoise
ENSG00000187837,yellow
ENSG00000230778,turquoise
ENSG00000064687,turquoise
ENSG00000175928,turquoise
ENSG00000154127,turquoise
ENSG00000102606,turquoise
ENSG00000283025,grey
ENSG00000007171,turquoise
ENSG00000164647,turquoise
ENSG00000172346,grey
ENSG00000180071,brown
ENSG00000153707,turquoise
ENSG00000110719,red
ENSG00000280143,blue
ENSG00000286671,turquoise
ENSG00000239672,turquoise
ENSG00000108582,turquoise
ENSG00000086504,turquoise
ENSG00000122756,yellow
ENSG00000112812,turquoise
ENSG00000214338,turquoise
ENSG00000112237,turquoise
ENSG00000147119,grey
ENSG00000095637,black
ENSG00000129151,yellow
ENSG00000119508,grey
ENSG00000100842,brown
ENSG00000168067,turquoise
ENSG00000157514,turquoise
ENSG00000139880,turquoise
ENSG00000261613,grey
ENSG00000010379,grey
ENSG00000185246,blue
ENSG00000106123,turquoise
ENSG00000289987,grey
ENSG00000143418,brown
ENSG00000088038,turquoise
ENSG00000239900,turquoise
ENSG00000106772,turquoise
ENSG00000105855,black
ENSG00000108799,blue
ENSG00000198604,brown
ENSG00000165025,red
ENSG00000063176,turquoise
ENSG00000211644,turquoise
ENSG00000197978,turquoise
ENSG00000176204,turquoise
ENSG00000170145,turquoise
ENSG00000139117,turquoise
ENSG00000119782,grey
ENSG00000290947,blue
ENSG00000232956,turquoise
ENSG00000092820,yellow
ENSG00000134504,turquoise
ENSG00000273179,grey
ENSG00000158470,turquoise
ENSG00000159784,turquoise
ENSG00000100320,turquoise
ENSG00000091664,turquoise
ENSG00000182674,turquoise
ENSG00000283390,turquoise
ENSG00000092054,turquoise
ENSG00000103196,green
ENSG00000236104,turquoise
ENSG00000183337,turquoise
ENSG00000176853,turquoise
ENSG00000100284,turquoise
ENSG00000136521,turquoise
ENSG00000132196,grey
ENSG00000294649,turquoise
ENSG00000117519,yellow
ENSG00000011677,turquoise
ENSG00000186297,turquoise
ENSG00000103145,turquoise
ENSG00000111696,turquoise
ENSG00000138814,turquoise
ENSG00000158815,turquoise
ENSG00000167771,turquoise
ENSG00000069345,turquoise
ENSG00000155052,turquoise
ENSG00000148175,yellow
ENSG00000243927,grey
ENSG00000266441,grey
ENSG00000125247,blue
ENSG00000250579,turquoise
ENSG00000289698,grey
ENSG00000258696,brown
ENSG00000168724,turquoise
ENSG00000050165,turquoise
ENSG00000132671,turquoise
ENSG00000115641,turquoise
ENSG00000112592,turquoise
ENSG00000293484,turquoise
ENSG00000272944,turquoise
ENSG00000137802,turquoise
ENSG00000152034,turquoise
ENSG00000177519,turquoise
ENSG00000188011,turquoise
ENSG00000138744,turquoise
ENSG00000308190,grey
ENSG00000158552,turquoise
ENSG00000197177,turquoise
ENSG00000143153,turquoise
ENSG00000184916,turquoise
ENSG00000104205,brown
ENSG00000104154,turquoise
ENSG00000198894,turquoise
ENSG00000198883,turquoise
ENSG00000125997,turquoise
ENSG00000186472,turquoise
ENSG00000106018,turquoise
ENSG00000099817,turquoise
ENSG00000171823,turquoise
ENSG00000149925,turquoise
ENSG00000163823,red
ENSG00000117523,turquoise
ENSG00000173905,yellow
ENSG00000254064,turquoise
ENSG00000276408,turquoise
ENSG00000273142,blue
ENSG00000277402,grey
ENSG00000163393,blue
ENSG00000147488,brown
ENSG00000114541,brown
ENSG00000127152,turquoise
ENSG00000129646,turquoise
ENSG00000167447,turquoise
ENSG00000141076,turquoise
ENSG00000197070,turquoise
ENSG00000269940,brown
ENSG00000134853,grey
ENSG00000120256,turquoise
ENSG00000167964,turquoise
ENSG00000117153,turquoise
ENSG00000162706,turquoise
ENSG00000135525,blue
ENSG00000175267,turquoise
ENSG00000175592,green
ENSG00000141338,brown
ENSG00000213983,turquoise
ENSG00000265678,turquoise
ENSG00000105146,grey
ENSG00000293013,brown
ENSG00000100027,turquoise
ENSG00000151229,turquoise
ENSG00000152234,turquoise
ENSG00000303159,turquoise
ENSG00000179262,turquoise
ENSG00000134986,turquoise
ENSG00000175766,turquoise
ENSG00000231663,turquoise
ENSG00000187239,brown
ENSG00000226644,grey
ENSG00000267056,yellow
ENSG00000005189,turquoise
ENSG00000138002,turquoise
ENSG00000150712,turquoise
ENSG00000080709,turquoise
ENSG00000112679,turquoise
ENSG00000116698,turquoise
ENSG00000167178,turquoise
ENSG00000072571,turquoise
ENSG00000129682,turquoise
ENSG00000290927,turquoise
ENSG00000279369,turquoise
ENSG00000074071,turquoise
ENSG00000121879,turquoise
ENSG00000167524,turquoise
ENSG00000175283,turquoise
ENSG00000284713,turquoise
ENSG00000198046,turquoise
ENSG00000140382,turquoise
ENSG00000109180,turquoise
ENSG00000109113,yellow
ENSG00000215012,turquoise
ENSG00000121486,turquoise
ENSG00000112855,turquoise
ENSG00000185619,turquoise
ENSG00000179832,turquoise
ENSG00000205704,turquoise
ENSG00000120889,green
ENSG00000275476,grey
ENSG00000127870,turquoise
ENSG00000162878,turquoise
ENSG00000005700,turquoise
ENSG00000273300,blue
ENSG00000307712,turquoise
ENSG00000210082,grey
ENSG00000271947,turquoise
ENSG00000229638,magenta
ENSG00000309319,turquoise
ENSG00000105171,turquoise
ENSG00000077380,blue
ENSG00000196557,turquoise
ENSG00000178177,turquoise
ENSG00000099308,turquoise
ENSG00000164985,turquoise
ENSG00000143390,turquoise
ENSG00000170525,grey
ENSG00000300499,turquoise
ENSG00000236922,turquoise
ENSG00000223745,blue
ENSG00000077150,green
ENSG00000265566,grey
ENSG00000260231,turquoise
ENSG00000026508,green
ENSG00000259417,grey
ENSG00000158445,turquoise
ENSG00000136802,black
ENSG00000132510,turquoise
ENSG00000066044,turquoise
ENSG00000070610,turquoise
ENSG00000204842,turquoise
ENSG00000135211,turquoise
ENSG00000157168,turquoise
ENSG00000240707,turquoise
ENSG00000114374,grey
ENSG00000125931,turquoise
ENSG00000117152,turquoise
ENSG00000106341,turquoise
ENSG00000167112,turquoise
ENSG00000182220,turquoise
ENSG00000304546,turquoise
ENSG00000197620,turquoise
ENSG00000181638,turquoise
ENSG00000270883,turquoise
ENSG00000134369,blue
ENSG00000171853,grey
ENSG00000154237,turquoise
ENSG00000162728,turquoise
ENSG00000196821,turquoise
ENSG00000117266,brown
ENSG00000125912,grey
ENSG00000130714,turquoise
ENSG00000185634,brown
ENSG00000149970,turquoise
ENSG00000197362,turquoise
ENSG00000210154,grey
ENSG00000010256,turquoise
ENSG00000114857,blue
ENSG00000177707,turquoise
ENSG00000272977,grey
ENSG00000274718,turquoise
ENSG00000154642,brown
ENSG00000173214,turquoise
ENSG00000229659,turquoise
ENSG00000102100,turquoise
ENSG00000198648,turquoise
ENSG00000225177,grey
ENSG00000124406,turquoise
ENSG00000166394,brown
ENSG00000301989,grey
ENSG00000148356,turquoise
ENSG00000280047,turquoise
ENSG00000183397,blue
ENSG00000166128,turquoise
ENSG00000054356,turquoise
ENSG00000165644,pink
ENSG00000144028,turquoise
ENSG00000253570,grey
ENSG00000284862,turquoise
ENSG00000056586,turquoise
ENSG00000283646,turquoise
ENSG00000125850,turquoise
ENSG00000160097,turquoise
ENSG00000235655,grey
ENSG00000111665,turquoise
ENSG00000171813,turquoise
ENSG00000285410,turquoise
ENSG00000247627,grey
ENSG00000196876,turquoise
ENSG00000171817,turquoise
ENSG00000075303,turquoise
ENSG00000133460,turquoise
ENSG00000166448,turquoise
ENSG00000128052,brown
ENSG00000172731,turquoise
ENSG00000108509,turquoise
ENSG00000148082,turquoise
ENSG00000166348,blue
ENSG00000162630,turquoise
ENSG00000154556,turquoise
ENSG00000095261,turquoise
ENSG00000297424,grey
ENSG00000144134,turquoise
ENSG00000100714,turquoise
ENSG00000196715,turquoise
ENSG00000161551,blue
ENSG00000188385,blue
ENSG00000168004,turquoise
ENSG00000280088,turquoise
ENSG00000287401,turquoise
ENSG00000207524,grey
ENSG00000142875,turquoise
ENSG00000271653,grey
ENSG00000163608,turquoise
ENSG00000273437,grey
ENSG00000109971,turquoise
ENSG00000135966,turquoise
ENSG00000105173,turquoise
ENSG00000142507,turquoise
ENSG00000229325,turquoise
ENSG00000152443,turquoise
ENSG00000164603,turquoise
ENSG00000068831,turquoise
ENSG00000048140,turquoise
ENSG00000111490,turquoise
ENSG00000280789,turquoise
ENSG00000186094,turquoise
ENSG00000272121,grey
ENSG00000242686,turquoise
ENSG00000134201,grey
ENSG00000164066,black
ENSG00000299154,grey
ENSG00000288611,turquoise
ENSG00000148604,grey
ENSG00000280385,turquoise
ENSG00000239264,turquoise
ENSG00000011454,turquoise
ENSG00000028203,turquoise
ENSG00000176884,turquoise
ENSG00000100294,turquoise
ENSG00000151718,blue
ENSG00000247903,turquoise
ENSG00000253457,turquoise
ENSG00000269139,grey
ENSG00000165973,turquoise
ENSG00000134996,turquoise
ENSG00000124275,turquoise
ENSG00000198901,turquoise
ENSG00000255310,turquoise
ENSG00000134324,turquoise
ENSG00000182768,turquoise
ENSG00000172264,turquoise
ENSG00000198673,turquoise
ENSG00000082258,turquoise
ENSG00000150961,turquoise
ENSG00000307791,turquoise
ENSG00000175764,turquoise
ENSG00000272695,turquoise
ENSG00000203879,turquoise
ENSG00000224420,grey
ENSG00000105819,turquoise
ENSG00000197971,brown
ENSG00000159079,turquoise
ENSG00000197889,grey
ENSG00000174482,turquoise
ENSG00000159147,blue
ENSG00000080345,turquoise
ENSG00000148204,brown
ENSG00000229591,turquoise
ENSG00000015676,turquoise
ENSG00000177302,turquoise
ENSG00000131845,turquoise
ENSG00000274818,turquoise
ENSG00000106635,turquoise
ENSG00000196482,turquoise
ENSG00000130208,grey
ENSG00000169599,turquoise
ENSG00000219200,turquoise
ENSG00000169562,brown
ENSG00000139200,grey
ENSG00000120049,turquoise
ENSG00000127528,grey
ENSG00000178971,turquoise
ENSG00000177464,green
ENSG00000204965,turquoise
ENSG00000260328,turquoise
ENSG00000001084,blue
ENSG00000204272,turquoise
ENSG00000210194,grey
ENSG00000303522,turquoise
ENSG00000171724,turquoise
ENSG00000172602,turquoise
ENSG00000204323,brown
ENSG00000171132,turquoise
ENSG00000091704,grey
ENSG00000280071,grey
ENSG00000204116,turquoise
ENSG00000166888,turquoise
ENSG00000241878,grey
ENSG00000109670,turquoise
ENSG00000151929,green
ENSG00000112137,turquoise
ENSG00000170915,brown
ENSG00000251485,turquoise
ENSG00000006468,turquoise
ENSG00000309776,turquoise
ENSG00000287252,turquoise
ENSG00000223865,red
ENSG00000077616,turquoise
ENSG00000178531,turquoise
ENSG00000101638,turquoise
ENSG00000106290,turquoise
ENSG00000167394,turquoise
ENSG00000129460,turquoise
ENSG00000272100,grey
ENSG00000068489,blue
ENSG00000116688,turquoise
ENSG00000163625,blue
ENSG00000175414,turquoise
ENSG00000029534,turquoise
ENSG00000072518,turquoise
ENSG00000187601,turquoise
ENSG00000261710,brown
ENSG00000071894,turquoise
ENSG00000139970,turquoise
ENSG00000175115,grey
ENSG00000158715,brown
ENSG00000162840,grey
ENSG00000110768,turquoise
ENSG00000154040,turquoise
ENSG00000103152,turquoise
ENSG00000162733,black
ENSG00000137198,yellow
ENSG00000163673,turquoise
ENSG00000117479,turquoise
ENSG00000078142,turquoise
ENSG00000199377,grey
ENSG00000240065,green
ENSG00000111344,turquoise
ENSG00000225877,brown
ENSG00000101187,green
ENSG00000151914,blue
ENSG00000293627,turquoise
ENSG00000141524,brown
ENSG00000261037,turquoise
ENSG00000247317,turquoise
ENSG00000145476,black
ENSG00000109610,yellow
ENSG00000259250,grey
ENSG00000142871,grey
ENSG00000303135,turquoise
ENSG00000282164,turquoise
ENSG00000141622,turquoise
ENSG00000185339,grey
ENSG00000102038,turquoise
ENSG00000169499,turquoise
ENSG00000260838,turquoise
ENSG00000147642,turquoise
ENSG00000048162,turquoise
ENSG00000130303,green
ENSG00000104967,turquoise
ENSG00000145824,grey
ENSG00000137959,grey
ENSG00000163481,grey
ENSG00000004478,turquoise
ENSG00000101349,turquoise
ENSG00000145332,turquoise
ENSG00000125629,turquoise
ENSG00000111445,turquoise
ENSG00000167632,turquoise
ENSG00000183828,turquoise
ENSG00000134294,turquoise
ENSG00000187678,grey
ENSG00000066468,brown
ENSG00000141682,grey
ENSG00000171401,grey
ENSG00000172137,turquoise
ENSG00000309298,turquoise
ENSG00000266718,turquoise
ENSG00000137824,turquoise
ENSG00000110583,turquoise
ENSG00000199804,grey
ENSG00000129534,turquoise
ENSG00000144730,yellow
ENSG00000159459,turquoise
ENSG00000048028,turquoise
ENSG00000185414,turquoise
ENSG00000267493,turquoise
ENSG00000149084,black
ENSG00000127083,grey
ENSG00000287593,turquoise
ENSG00000065665,turquoise
ENSG00000156976,turquoise
ENSG00000224387,turquoise
ENSG00000130827,blue
ENSG00000261101,turquoise
ENSG00000118640,red
ENSG00000142544,grey
ENSG00000187608,green
ENSG00000120694,turquoise
ENSG00000171861,turquoise
ENSG00000178235,turquoise
ENSG00000101856,turquoise
ENSG00000113594,black
ENSG00000117425,turquoise
ENSG00000155660,brown
ENSG00000286286,turquoise
ENSG00000154265,turquoise
ENSG00000183578,turquoise
ENSG00000058600,turquoise
ENSG00000270689,turquoise
ENSG00000196277,turquoise
ENSG00000058799,turquoise
ENSG00000162444,brown
ENSG00000162913,turquoise
ENSG00000130204,grey
ENSG00000264522,brown
ENSG00000225828,grey
ENSG00000123700,blue
ENSG00000164484,turquoise
ENSG00000125814,turquoise
ENSG00000138246,turquoise
ENSG00000166159,turquoise
ENSG00000177875,turquoise
ENSG00000066557,turquoise
ENSG00000112561,brown
ENSG00000259583,turquoise
ENSG00000156475,turquoise
ENSG00000111110,turquoise
ENSG00000109103,turquoise
ENSG00000210140,grey
ENSG00000033122,turquoise
ENSG00000240694,turquoise
ENSG00000286954,turquoise
ENSG00000143603,yellow
ENSG00000137507,green
ENSG00000108176,turquoise
ENSG00000184992,turquoise
ENSG00000055118,turquoise
ENSG00000012983,blue
ENSG00000130429,red
ENSG00000144283,brown
ENSG00000104853,turquoise
ENSG00000060140,turquoise
ENSG00000310230,turquoise
ENSG00000105879,turquoise
ENSG00000078549,black
ENSG00000165966,turquoise
ENSG00000165684,turquoise
ENSG00000225855,blue
ENSG00000304541,blue
ENSG00000130706,turquoise
ENSG00000116918,turquoise
ENSG00000284642,turquoise
ENSG00000106683,turquoise
ENSG00000267940,turquoise
ENSG00000136813,turquoise
ENSG00000162069,turquoise
ENSG00000081842,turquoise
ENSG00000143363,turquoise
ENSG00000186318,blue
ENSG00000127481,blue
ENSG00000210100,grey
ENSG00000109572,turquoise
ENSG00000164776,yellow
ENSG00000291112,turquoise
ENSG00000179918,turquoise
ENSG00000174951,turquoise
ENSG00000102781,turquoise
ENSG00000184465,turquoise
ENSG00000308846,blue
ENSG00000170035,turquoise
ENSG00000215018,turquoise
ENSG00000296642,turquoise
ENSG00000120254,turquoise
ENSG00000143164,turquoise
ENSG00000176396,turquoise
ENSG00000151743,turquoise
ENSG00000309880,turquoise
ENSG00000240764,turquoise
ENSG00000204655,brown
ENSG00000072041,turquoise
ENSG00000274292,blue
ENSG00000108861,turquoise
ENSG00000270210,turquoise
ENSG00000138375,turquoise
ENSG00000143514,yellow
ENSG00000100596,blue
ENSG00000146731,turquoise
ENSG00000227782,blue
ENSG00000115419,turquoise
ENSG00000122042,turquoise
ENSG00000162755,turquoise
ENSG00000230715,blue
ENSG00000293164,turquoise
ENSG00000143889,turquoise
ENSG00000237289,turquoise
ENSG00000147041,turquoise
ENSG00000255045,turquoise
ENSG00000184922,turquoise
ENSG00000213937,grey
ENSG00000198576,grey
ENSG00000271819,grey
ENSG00000141376,turquoise
ENSG00000168615,turquoise
ENSG00000107874,turquoise
ENSG00000108094,turquoise
ENSG00000180535,grey
ENSG00000183837,grey
ENSG00000180543,turquoise
ENSG00000106113,turquoise
ENSG00000295459,turquoise
ENSG00000056097,turquoise
ENSG00000183258,turquoise
ENSG00000132475,grey
ENSG00000198783,turquoise
ENSG00000089639,turquoise
ENSG00000168539,turquoise
ENSG00000179094,turquoise
ENSG00000214659,turquoise
ENSG00000243960,turquoise
ENSG00000156990,turquoise
ENSG00000250251,turquoise
ENSG00000198920,turquoise
ENSG00000227081,magenta
ENSG00000286214,turquoise
ENSG00000254847,grey
ENSG00000106538,grey
ENSG00000184307,turquoise
ENSG00000152495,turquoise
ENSG00000016602,brown
ENSG00000137266,turquoise
ENSG00000276863,turquoise
ENSG00000171163,turquoise
ENSG00000128311,brown
ENSG00000119669,turquoise
ENSG00000135048,turquoise
ENSG00000146090,turquoise
ENSG00000162639,turquoise
ENSG00000175104,turquoise
ENSG00000140854,turquoise
ENSG00000100401,turquoise
ENSG00000148572,turquoise
ENSG00000166405,turquoise
ENSG00000137876,turquoise
ENSG00000148335,turquoise
ENSG00000167874,grey
ENSG00000113100,turquoise
ENSG00000126107,turquoise
ENSG00000288062,turquoise
ENSG00000166579,turquoise
ENSG00000181826,green
ENSG00000169718,turquoise
ENSG00000224425,turquoise
ENSG00000163565,green
ENSG00000185504,turquoise
ENSG00000165863,turquoise
ENSG00000182541,green
ENSG00000175582,turquoise
ENSG00000120594,blue
ENSG00000128272,turquoise
ENSG00000265511,turquoise
ENSG00000290863,brown
ENSG00000171992,turquoise
ENSG00000006042,brown
ENSG00000231312,turquoise
ENSG00000184156,turquoise
ENSG00000114650,turquoise
ENSG00000261141,turquoise
ENSG00000198815,turquoise
ENSG00000222448,turquoise
ENSG00000227544,brown
ENSG00000018189,turquoise
ENSG00000143033,turquoise
ENSG00000167967,turquoise
ENSG00000148331,grey
ENSG00000276952,turquoise
ENSG00000185008,turquoise
ENSG00000152689,brown
ENSG00000272505,turquoise
ENSG00000249751,green
ENSG00000302785,grey
ENSG00000243302,blue
ENSG00000212802,magenta
ENSG00000165660,turquoise
ENSG00000203965,turquoise
ENSG00000213593,turquoise
ENSG00000171462,turquoise
ENSG00000179148,turquoise
ENSG00000155792,turquoise
ENSG00000100036,turquoise
ENSG00000136682,turquoise
ENSG00000251022,turquoise
ENSG00000185361,turquoise
ENSG00000178982,turquoise
ENSG00000164038,turquoise
ENSG00000169902,grey
ENSG00000149328,turquoise
ENSG00000117597,turquoise
ENSG00000260953,grey
ENSG00000123297,turquoise
ENSG00000203747,red
ENSG00000117643,turquoise
ENSG00000039319,blue
ENSG00000136878,turquoise
ENSG00000095380,turquoise
ENSG00000273079,turquoise
ENSG00000130962,brown
ENSG00000010017,turquoise
ENSG00000107669,turquoise
ENSG00000240342,grey
ENSG00000145681,turquoise
ENSG00000168477,blue
ENSG00000128881,turquoise
ENSG00000160932,turquoise
ENSG00000276593,grey
ENSG00000201499,grey
ENSG00000198668,turquoise
ENSG00000125977,turquoise
ENSG00000135740,turquoise
ENSG00000233542,turquoise
ENSG00000146232,turquoise
ENSG00000139174,turquoise
ENSG00000163328,turquoise
ENSG00000147457,turquoise
ENSG00000144893,turquoise
ENSG00000293442,grey
ENSG00000204843,turquoise
ENSG00000165526,turquoise
ENSG00000104228,turquoise
ENSG00000119946,turquoise
ENSG00000106070,turquoise
ENSG00000168803,turquoise
ENSG00000099995,turquoise
ENSG00000158623,turquoise
ENSG00000144554,blue
ENSG00000162378,turquoise
ENSG00000183751,grey
ENSG00000155876,turquoise
ENSG00000134627,blue
ENSG00000109062,yellow
ENSG00000136490,turquoise
ENSG00000124942,yellow
ENSG00000143870,turquoise
ENSG00000134716,brown
ENSG00000049759,turquoise
ENSG00000119888,turquoise
ENSG00000143106,turquoise
ENSG00000277531,turquoise
ENSG00000100201,blue
ENSG00000035141,turquoise
ENSG00000091127,turquoise
ENSG00000151320,turquoise
ENSG00000239282,yellow
ENSG00000308132,blue
ENSG00000047597,turquoise
ENSG00000144589,turquoise
ENSG00000139800,yellow
ENSG00000187902,turquoise
ENSG00000135164,blue
ENSG00000178252,blue
ENSG00000111670,turquoise
ENSG00000198056,turquoise
ENSG00000196693,turquoise
ENSG00000166479,turquoise
ENSG00000180777,turquoise
ENSG00000207650,grey
ENSG00000160551,turquoise
ENSG00000127080,turquoise
ENSG00000107890,turquoise
ENSG00000128228,grey
ENSG00000173137,turquoise
ENSG00000232838,turquoise
ENSG00000243709,turquoise
ENSG00000136518,brown
ENSG00000162975,grey
ENSG00000090975,turquoise
ENSG00000304309,blue
ENSG00000100403,turquoise
ENSG00000196154,grey
ENSG00000186889,turquoise
ENSG00000162944,brown
ENSG00000102468,turquoise
ENSG00000103319,blue
ENSG00000163993,grey
ENSG00000125450,turquoise
ENSG00000177733,turquoise
ENSG00000092964,turquoise
ENSG00000122679,grey
ENSG00000172037,yellow
ENSG00000166923,brown
ENSG00000294000,grey
ENSG00000139190,turquoise
ENSG00000286934,turquoise
ENSG00000126464,turquoise
ENSG00000206028,turquoise
ENSG00000272864,grey
ENSG00000112697,turquoise
ENSG00000138696,yellow
ENSG00000182601,turquoise
ENSG00000198198,blue
ENSG00000185621,turquoise
ENSG00000107833,turquoise
ENSG00000124762,green
ENSG00000290939,turquoise
ENSG00000106484,turquoise
ENSG00000212541,grey
ENSG00000305956,grey
ENSG00000106733,turquoise
ENSG00000137825,turquoise
ENSG00000124302,grey
ENSG00000261587,turquoise
ENSG00000110799,green
ENSG00000104687,turquoise
ENSG00000072657,turquoise
ENSG00000290865,turquoise
ENSG00000291181,turquoise
ENSG00000096401,turquoise
ENSG00000117598,turquoise
ENSG00000123545,turquoise
ENSG00000109084,turquoise
ENSG00000131969,turquoise
ENSG00000289353,turquoise
ENSG00000176182,turquoise
ENSG00000204920,turquoise
ENSG00000084092,turquoise
ENSG00000167978,turquoise
ENSG00000162650,turquoise
ENSG00000154864,brown
ENSG00000110880,turquoise
ENSG00000307915,turquoise
ENSG00000162601,turquoise
ENSG00000151092,turquoise
ENSG00000130956,turquoise
ENSG00000182963,grey
ENSG00000144560,blue
ENSG00000110628,turquoise
ENSG00000127419,turquoise
ENSG00000266028,turquoise
ENSG00000125675,turquoise
ENSG00000265982,grey
ENSG00000091129,turquoise
ENSG00000258794,turquoise
ENSG00000145014,turquoise
ENSG00000152092,turquoise
ENSG00000169242,grey
ENSG00000244242,turquoise
ENSG00000168496,turquoise
ENSG00000144227,turquoise
ENSG00000220201,turquoise
ENSG00000125846,turquoise
ENSG00000130363,turquoise
ENSG00000072415,turquoise
ENSG00000207041,grey
ENSG00000184999,turquoise
ENSG00000178105,turquoise
ENSG00000073417,brown
ENSG00000302221,green
ENSG00000196236,black
ENSG00000145414,turquoise
ENSG00000188629,blue
ENSG00000124785,turquoise
ENSG00000171860,red
ENSG00000148123,brown
ENSG00000184574,red
ENSG00000204381,brown
ENSG00000183963,green
ENSG00000242173,turquoise
ENSG00000123575,turquoise
ENSG00000294288,turquoise
ENSG00000143546,grey
ENSG00000116521,turquoise
ENSG00000107249,yellow
ENSG00000182195,turquoise
ENSG00000197380,turquoise
ENSG00000184232,yellow
ENSG00000163249,turquoise
ENSG00000108465,turquoise
ENSG00000224189,brown
ENSG00000147475,black
ENSG00000205937,turquoise
ENSG00000163631,grey
ENSG00000116783,turquoise
ENSG00000180834,blue
ENSG00000172830,blue
ENSG00000293505,turquoise
ENSG00000293473,turquoise
ENSG00000268182,turquoise
ENSG00000165828,grey
ENSG00000167676,yellow
ENSG00000109111,turquoise
ENSG00000185862,red
ENSG00000286388,turquoise
ENSG00000185963,turquoise
ENSG00000266217,grey
ENSG00000107957,blue
ENSG00000127951,red
ENSG00000129757,brown
ENSG00000179593,grey
ENSG00000068001,green
ENSG00000000971,green
ENSG00000160633,turquoise
ENSG00000136854,turquoise
ENSG00000130939,turquoise
ENSG00000198890,turquoise
ENSG00000120899,turquoise
ENSG00000242198,blue
ENSG00000289234,turquoise
ENSG00000177984,grey
ENSG00000040199,turquoise
ENSG00000107819,turquoise
ENSG00000166033,yellow
ENSG00000204619,turquoise
ENSG00000143756,turquoise
ENSG00000178602,grey
ENSG00000123374,green
ENSG00000135521,turquoise
ENSG00000309284,grey
ENSG00000067064,turquoise
ENSG00000183978,turquoise
ENSG00000145817,turquoise
ENSG00000125510,turquoise
ENSG00000261934,blue
ENSG00000099942,turquoise
ENSG00000227191,grey
ENSG00000217236,turquoise
ENSG00000072201,turquoise
ENSG00000176903,turquoise
ENSG00000164933,turquoise
ENSG00000049449,turquoise
ENSG00000157445,turquoise
ENSG00000289231,turquoise
ENSG00000024048,turquoise
ENSG00000154945,brown
ENSG00000117143,turquoise
ENSG00000134744,blue
ENSG00000058866,turquoise
ENSG00000167588,turquoise
ENSG00000137100,turquoise
ENSG00000005483,turquoise
ENSG00000147180,turquoise
ENSG00000289388,grey
ENSG00000124251,brown
ENSG00000180626,turquoise
ENSG00000100554,turquoise
ENSG00000101191,turquoise
ENSG00000101247,turquoise
ENSG00000076924,turquoise
ENSG00000280254,turquoise
ENSG00000108344,turquoise
ENSG00000182871,grey
ENSG00000158714,blue
ENSG00000167565,green
ENSG00000104863,turquoise
ENSG00000068024,turquoise
ENSG00000167601,yellow
ENSG00000228477,grey
ENSG00000163739,green
ENSG00000291072,turquoise
ENSG00000147571,turquoise
ENSG00000188290,grey
ENSG00000162745,turquoise
ENSG00000103035,turquoise
ENSG00000123983,turquoise
ENSG00000274080,turquoise
ENSG00000132405,blue
ENSG00000106780,turquoise
ENSG00000139146,green
ENSG00000268043,blue
ENSG00000102904,turquoise
ENSG00000142549,turquoise
ENSG00000185222,grey
ENSG00000149972,turquoise
ENSG00000187193,yellow
ENSG00000145860,turquoise
ENSG00000263776,turquoise
ENSG00000187566,turquoise
ENSG00000090971,turquoise
ENSG00000200913,grey
ENSG00000160688,turquoise
ENSG00000162992,turquoise
ENSG00000154429,turquoise
ENSG00000197170,turquoise
ENSG00000101608,green
ENSG00000158864,turquoise
ENSG00000064115,turquoise
ENSG00000112378,green
ENSG00000121933,red
ENSG00000130307,grey
ENSG00000171772,turquoise
ENSG00000207051,grey
ENSG00000011638,turquoise
ENSG00000144746,turquoise
ENSG00000149091,turquoise
ENSG00000137970,magenta
ENSG00000136160,yellow
ENSG00000187860,turquoise
ENSG00000152465,turquoise
ENSG00000181744,turquoise
ENSG00000269621,turquoise
ENSG00000152217,turquoise
ENSG00000184227,grey
ENSG00000134590,turquoise
ENSG00000137462,red
ENSG00000162692,grey
ENSG00000214652,turquoise
ENSG00000279233,turquoise
ENSG00000211456,turquoise
ENSG00000185215,turquoise
ENSG00000202343,grey
ENSG00000149527,turquoise
ENSG00000152952,black
ENSG00000125107,blue
ENSG00000266995,grey
ENSG00000156603,turquoise
ENSG00000090376,green
ENSG00000198502,red
ENSG00000131242,turquoise
ENSG00000220575,turquoise
ENSG00000138674,turquoise
ENSG00000217128,turquoise
ENSG00000114166,brown
ENSG00000065457,turquoise
ENSG00000159733,turquoise
ENSG00000169169,turquoise
ENSG00000188013,turquoise
ENSG00000184347,turquoise
ENSG00000181274,turquoise
ENSG00000050130,turquoise
ENSG00000196104,blue
ENSG00000275924,grey
ENSG00000072210,turquoise
ENSG00000131323,turquoise
ENSG00000224272,grey
ENSG00000276462,grey
ENSG00000011478,turquoise
ENSG00000119927,yellow
ENSG00000100095,turquoise
ENSG00000106462,blue
ENSG00000132801,turquoise
ENSG00000144331,turquoise
ENSG00000263272,turquoise
ENSG00000167130,turquoise
ENSG00000138698,turquoise
ENSG00000226757,turquoise
ENSG00000196295,blue
ENSG00000279952,turquoise
ENSG00000174013,turquoise
ENSG00000100364,turquoise
ENSG00000124155,turquoise
ENSG00000129219,yellow
ENSG00000130477,turquoise
ENSG00000110619,turquoise
ENSG00000106077,turquoise
ENSG00000178394,turquoise
ENSG00000134343,turquoise
ENSG00000102934,brown
ENSG00000102158,brown
ENSG00000182985,black
ENSG00000121904,turquoise
ENSG00000235033,brown
ENSG00000236333,turquoise
ENSG00000107581,turquoise
ENSG00000109738,turquoise
ENSG00000236017,turquoise
ENSG00000169871,brown
ENSG00000196263,blue
ENSG00000019995,turquoise
ENSG00000140522,grey
ENSG00000167770,turquoise
ENSG00000227473,turquoise
ENSG00000100941,blue
ENSG00000229036,turquoise
ENSG00000124935,yellow
ENSG00000125944,turquoise
ENSG00000273240,grey
ENSG00000099998,grey
ENSG00000177189,turquoise
ENSG00000197496,yellow
ENSG00000173465,turquoise
ENSG00000147601,turquoise
ENSG00000140044,turquoise
ENSG00000234664,turquoise
ENSG00000103042,turquoise
ENSG00000272375,turquoise
ENSG00000184277,turquoise
ENSG00000254635,turquoise
ENSG00000163053,turquoise
ENSG00000019505,turquoise
ENSG00000163291,turquoise
ENSG00000012174,turquoise
ENSG00000128191,turquoise
ENSG00000145248,turquoise
ENSG00000002549,green
ENSG00000178038,turquoise
ENSG00000146267,turquoise
ENSG00000180398,turquoise
ENSG00000107593,turquoise
ENSG00000290376,grey
ENSG00000154654,turquoise
ENSG00000297852,turquoise
ENSG00000135905,brown
ENSG00000170581,blue
ENSG00000293147,turquoise
ENSG00000104879,grey
ENSG00000144199,turquoise
ENSG00000137522,turquoise
ENSG00000102054,turquoise
ENSG00000172403,turquoise
ENSG00000164086,turquoise
ENSG00000134278,turquoise
ENSG00000178719,grey
ENSG00000286159,brown
ENSG00000163377,turquoise
ENSG00000166426,turquoise
ENSG00000076864,turquoise
ENSG00000177692,turquoise
ENSG00000169908,green
ENSG00000158270,grey
ENSG00000224543,turquoise
ENSG00000164576,turquoise
ENSG00000108021,turquoise
ENSG00000062725,turquoise
ENSG00000241697,turquoise
ENSG00000138606,turquoise
ENSG00000166912,brown
ENSG00000287898,grey
ENSG00000186642,turquoise
ENSG00000167548,turquoise
ENSG00000153531,turquoise
ENSG00000131459,turquoise
ENSG00000151789,turquoise
ENSG00000250986,turquoise
ENSG00000273108,turquoise
ENSG00000236901,turquoise
ENSG00000204152,turquoise
ENSG00000279685,turquoise
ENSG00000178718,turquoise
ENSG00000138411,turquoise
ENSG00000164620,turquoise
ENSG00000106443,turquoise
ENSG00000198729,turquoise
ENSG00000275720,grey
ENSG00000198075,yellow
ENSG00000174939,turquoise
ENSG00000134321,turquoise
ENSG00000147118,blue
ENSG00000171307,turquoise
ENSG00000201136,grey
ENSG00000259954,grey
ENSG00000221184,grey
ENSG00000161509,yellow
ENSG00000164331,turquoise
ENSG00000102312,turquoise
ENSG00000234409,turquoise
ENSG00000126562,grey
ENSG00000270060,blue
ENSG00000083642,turquoise
ENSG00000164002,turquoise
ENSG00000233532,turquoise
ENSG00000140015,turquoise
ENSG00000146147,turquoise
ENSG00000171160,turquoise
ENSG00000158079,blue
ENSG00000165410,blue
ENSG00000226976,grey
ENSG00000174028,turquoise
ENSG00000005194,turquoise
ENSG00000152910,blue
ENSG00000149476,turquoise
ENSG00000279028,turquoise
ENSG00000273156,grey
ENSG00000140632,turquoise
ENSG00000112983,turquoise
ENSG00000301358,turquoise
ENSG00000006611,brown
ENSG00000118369,turquoise
ENSG00000170242,blue
ENSG00000243431,blue
ENSG00000092203,turquoise
ENSG00000221025,grey
ENSG00000254531,turquoise
ENSG00000099365,turquoise
ENSG00000164236,turquoise
ENSG00000183134,grey
ENSG00000162616,turquoise
ENSG00000106348,turquoise
ENSG00000087111,turquoise
ENSG00000273424,grey
ENSG00000146670,turquoise
ENSG00000213337,turquoise
ENSG00000145029,turquoise
ENSG00000167550,turquoise
ENSG00000087157,turquoise
ENSG00000171055,turquoise
ENSG00000145692,grey
ENSG00000087263,turquoise
ENSG00000299955,turquoise
ENSG00000188191,grey
ENSG00000293460,turquoise
ENSG00000108590,turquoise
ENSG00000008735,turquoise
ENSG00000255302,turquoise
ENSG00000103710,brown
ENSG00000289045,grey
ENSG00000147065,green
ENSG00000266967,turquoise
ENSG00000106853,turquoise
ENSG00000158050,turquoise
ENSG00000124313,turquoise
ENSG00000168297,blue
ENSG00000215196,turquoise
ENSG00000144635,turquoise
ENSG00000133519,grey
ENSG00000035928,blue
ENSG00000100983,turquoise
ENSG00000115694,turquoise
ENSG00000139977,turquoise
ENSG00000172766,turquoise
ENSG00000110497,turquoise
ENSG00000103264,turquoise
ENSG00000197562,turquoise
ENSG00000272391,turquoise
ENSG00000089737,turquoise
ENSG00000175866,turquoise
ENSG00000159214,turquoise
ENSG00000104044,turquoise
ENSG00000038382,turquoise
ENSG00000101938,black
ENSG00000135299,turquoise
ENSG00000255020,grey
ENSG00000303799,grey
ENSG00000169951,turquoise
ENSG00000177889,turquoise
ENSG00000136100,turquoise
ENSG00000237641,blue
ENSG00000116962,green
ENSG00000110455,grey
ENSG00000154153,turquoise
ENSG00000146072,turquoise
ENSG00000168389,grey
ENSG00000102978,turquoise
ENSG00000104765,turquoise
ENSG00000170776,turquoise
ENSG00000135968,turquoise
ENSG00000216901,grey
ENSG00000118900,turquoise
ENSG00000243384,grey
ENSG00000162869,turquoise
ENSG00000128965,turquoise
ENSG00000213626,grey
ENSG00000101752,turquoise
ENSG00000130684,turquoise
ENSG00000011295,turquoise
ENSG00000108387,brown
ENSG00000182326,green
ENSG00000100664,turquoise
ENSG00000205702,turquoise
ENSG00000129116,yellow
ENSG00000150938,turquoise
ENSG00000289976,turquoise
ENSG00000185920,black
ENSG00000142227,green
ENSG00000177426,yellow
ENSG00000276293,turquoise
ENSG00000101958,turquoise
ENSG00000253854,turquoise
ENSG00000137700,turquoise
ENSG00000259319,turquoise
ENSG00000275318,turquoise
ENSG00000309927,grey
ENSG00000108960,turquoise
ENSG00000169715,yellow
ENSG00000237037,turquoise
ENSG00000234233,turquoise
ENSG00000113578,brown
ENSG00000163482,turquoise
ENSG00000286971,turquoise
ENSG00000165699,turquoise
ENSG00000214517,turquoise
ENSG00000168438,turquoise
ENSG00000221890,turquoise
ENSG00000259366,blue
ENSG00000105464,turquoise
ENSG00000125844,grey
ENSG00000171903,yellow
ENSG00000151500,turquoise
ENSG00000260025,turquoise
ENSG00000069431,yellow
ENSG00000288586,turquoise
ENSG00000185917,turquoise
ENSG00000167740,turquoise
ENSG00000116133,turquoise
ENSG00000004777,turquoise
ENSG00000111679,red
ENSG00000160323,turquoise
ENSG00000100362,turquoise
ENSG00000111348,red
ENSG00000008283,turquoise
ENSG00000184205,grey
ENSG00000074755,turquoise
ENSG00000175573,turquoise
ENSG00000167619,turquoise
ENSG00000166313,turquoise
ENSG00000128218,grey
ENSG00000119866,grey
ENSG00000136297,grey
ENSG00000022567,turquoise
ENSG00000095739,brown
ENSG00000267541,grey
ENSG00000156564,turquoise
ENSG00000286667,turquoise
ENSG00000187134,turquoise
ENSG00000154639,turquoise
ENSG00000184845,turquoise
ENSG00000119125,turquoise
ENSG00000089486,turquoise
ENSG00000138660,turquoise
ENSG00000110148,turquoise
ENSG00000100307,turquoise
ENSG00000140263,turquoise
ENSG00000168802,turquoise
ENSG00000229152,blue
ENSG00000183718,turquoise
ENSG00000282936,turquoise
ENSG00000087085,turquoise
ENSG00000114573,turquoise
ENSG00000267395,grey
ENSG00000154001,turquoise
ENSG00000129071,turquoise
ENSG00000123685,turquoise
ENSG00000088448,blue
ENSG00000185345,turquoise
ENSG00000282375,turquoise
ENSG00000111341,grey
ENSG00000270647,turquoise
ENSG00000108523,turquoise
ENSG00000240204,turquoise
ENSG00000228020,turquoise
ENSG00000106537,turquoise
ENSG00000012232,turquoise
ENSG00000033050,turquoise
ENSG00000150995,turquoise
ENSG00000272915,grey
ENSG00000153201,turquoise
ENSG00000204618,turquoise
ENSG00000256443,turquoise
ENSG00000108375,yellow
ENSG00000263878,turquoise
ENSG00000162551,grey
ENSG00000183111,brown
ENSG00000287672,turquoise
ENSG00000197746,turquoise
ENSG00000107643,turquoise
ENSG00000205927,brown
ENSG00000118231,turquoise
ENSG00000078618,turquoise
ENSG00000125505,turquoise
ENSG00000087152,turquoise
ENSG00000027697,black
ENSG00000142611,yellow
ENSG00000280187,turquoise
ENSG00000119396,turquoise
ENSG00000154832,turquoise
ENSG00000174080,turquoise
ENSG00000141556,turquoise
ENSG00000088826,yellow
ENSG00000204482,red
ENSG00000011485,turquoise
ENSG00000259120,brown
ENSG00000090382,grey
ENSG00000055044,turquoise
ENSG00000168488,turquoise
ENSG00000196547,turquoise
ENSG00000080546,turquoise
ENSG00000229356,turquoise
ENSG00000077044,turquoise
ENSG00000065600,brown
ENSG00000165061,turquoise
ENSG00000171475,turquoise
ENSG00000239839,grey
ENSG00000176871,turquoise
ENSG00000141627,turquoise
ENSG00000204314,grey
ENSG00000175066,turquoise
ENSG00000155659,red
ENSG00000299022,grey
ENSG00000278771,grey
ENSG00000160606,yellow
ENSG00000005486,turquoise
ENSG00000243232,turquoise
ENSG00000175787,turquoise
ENSG00000184613,turquoise
ENSG00000002586,yellow
ENSG00000169826,blue
ENSG00000145687,turquoise
ENSG00000113048,turquoise
ENSG00000289477,turquoise
ENSG00000207088,grey
ENSG00000110092,grey
ENSG00000149792,turquoise
ENSG00000112149,turquoise
ENSG00000145451,turquoise
ENSG00000123689,grey
ENSG00000120756,turquoise
ENSG00000085832,turquoise
ENSG00000246596,turquoise
ENSG00000109436,turquoise
ENSG00000099991,turquoise
ENSG00000169180,turquoise
ENSG00000166169,turquoise
ENSG00000288877,grey
ENSG00000125895,turquoise
ENSG00000126070,blue
ENSG00000183780,turquoise
ENSG00000180035,turquoise
ENSG00000169255,turquoise
ENSG00000244480,turquoise
ENSG00000101654,turquoise
ENSG00000188039,grey
ENSG00000102924,turquoise
ENSG00000086061,turquoise
ENSG00000158865,brown
ENSG00000297119,turquoise
ENSG00000115484,turquoise
ENSG00000087253,red
ENSG00000145868,turquoise
ENSG00000162670,turquoise
ENSG00000166501,turquoise
ENSG00000280850,grey
ENSG00000171517,yellow
ENSG00000185551,grey
ENSG00000160214,grey
ENSG00000115685,turquoise
ENSG00000110876,red
ENSG00000171222,pink
ENSG00000058804,turquoise
ENSG00000134871,green
ENSG00000078596,grey
ENSG00000287364,turquoise
ENSG00000128596,turquoise
ENSG00000115446,turquoise
ENSG00000103657,turquoise
ENSG00000178467,turquoise
ENSG00000086015,turquoise
ENSG00000168439,turquoise
ENSG00000137040,turquoise
ENSG00000277986,grey
ENSG00000139364,turquoise
ENSG00000074582,turquoise
ENSG00000108691,green
ENSG00000135930,turquoise
ENSG00000087077,yellow
ENSG00000170540,turquoise
ENSG00000113851,turquoise
ENSG00000266513,grey
ENSG00000181789,turquoise
ENSG00000129667,red
ENSG00000187094,grey
ENSG00000105409,turquoise
ENSG00000138081,turquoise
ENSG00000206535,turquoise
ENSG00000051596,turquoise
ENSG00000066322,brown
ENSG00000165553,turquoise
ENSG00000263426,grey
ENSG00000290835,turquoise
ENSG00000204472,red
ENSG00000156049,grey
ENSG00000081181,turquoise
ENSG00000124198,turquoise
ENSG00000143858,turquoise
ENSG00000224769,grey
ENSG00000116406,turquoise
ENSG00000115947,turquoise
ENSG00000165899,turquoise
ENSG00000157734,brown
ENSG00000180773,turquoise
ENSG00000108604,blue
ENSG00000198300,turquoise
ENSG00000111737,turquoise
ENSG00000172893,turquoise
ENSG00000271270,turquoise
ENSG00000111799,turquoise
ENSG00000139725,turquoise
ENSG00000196636,turquoise
ENSG00000058404,turquoise
ENSG00000198692,grey
ENSG00000158806,turquoise
ENSG00000079785,turquoise
ENSG00000169676,turquoise
ENSG00000303623,pink
ENSG00000310517,turquoise
ENSG00000225171,grey
ENSG00000278616,turquoise
ENSG00000119042,turquoise
ENSG00000136457,grey
ENSG00000138642,turquoise
ENSG00000179277,grey
ENSG00000157036,turquoise
ENSG00000278311,turquoise
ENSG00000136699,turquoise
ENSG00000091409,green
ENSG00000156239,turquoise
ENSG00000172974,grey
ENSG00000265115,grey
ENSG00000140320,turquoise
ENSG00000172915,turquoise
ENSG00000165495,turquoise
ENSG00000117318,grey
ENSG00000186352,grey
ENSG00000241186,grey
ENSG00000110911,turquoise
ENSG00000064726,turquoise
ENSG00000137656,turquoise
ENSG00000177380,turquoise
ENSG00000023734,turquoise
ENSG00000169891,turquoise
ENSG00000101391,turquoise
ENSG00000166086,blue
ENSG00000151746,turquoise
ENSG00000137193,grey
ENSG00000197165,grey
ENSG00000121316,red
ENSG00000077152,turquoise
ENSG00000110786,turquoise
ENSG00000183807,turquoise
ENSG00000281186,brown
ENSG00000167553,grey
ENSG00000106052,turquoise
ENSG00000291083,turquoise
ENSG00000196517,blue
ENSG00000152661,yellow
ENSG00000071246,blue
ENSG00000105374,grey
ENSG00000126583,grey
ENSG00000205362,green
ENSG00000181404,grey
ENSG00000054523,turquoise
ENSG00000183117,turquoise
ENSG00000260230,turquoise
ENSG00000171490,turquoise
ENSG00000004139,turquoise
ENSG00000203727,turquoise
ENSG00000180357,blue
ENSG00000149313,turquoise
ENSG00000132481,green
ENSG00000164949,green
ENSG00000226944,turquoise
ENSG00000100030,turquoise
ENSG00000080561,turquoise
ENSG00000290706,turquoise
ENSG00000112981,turquoise
ENSG00000070831,turquoise
ENSG00000150687,turquoise
ENSG00000125945,turquoise
ENSG00000016864,turquoise
ENSG00000291062,turquoise
ENSG00000290114,turquoise
ENSG00000147416,turquoise
ENSG00000178904,black
ENSG00000175376,turquoise
ENSG00000152154,turquoise
ENSG00000199562,grey
ENSG00000115289,turquoise
ENSG00000006210,turquoise
ENSG00000258702,turquoise
ENSG00000176095,turquoise
ENSG00000258947,turquoise
ENSG00000171208,turquoise
ENSG00000182379,turquoise
ENSG00000187664,turquoise
ENSG00000211448,grey
ENSG00000137449,turquoise
ENSG00000163155,turquoise
ENSG00000131477,grey
ENSG00000143702,turquoise
ENSG00000136859,brown
ENSG00000073150,turquoise
ENSG00000114019,blue
ENSG00000271830,grey
ENSG00000287766,turquoise
ENSG00000145247,turquoise
ENSG00000135823,turquoise
ENSG00000140400,turquoise
ENSG00000267662,turquoise
ENSG00000273312,turquoise
ENSG00000170291,turquoise
ENSG00000134014,turquoise
ENSG00000280758,turquoise
ENSG00000186480,turquoise
ENSG00000101049,brown
ENSG00000139197,turquoise
ENSG00000138686,turquoise
ENSG00000188931,turquoise
ENSG00000143493,turquoise
ENSG00000124802,turquoise
ENSG00000207631,grey
ENSG00000217094,grey
ENSG00000197217,turquoise
ENSG00000234518,turquoise
ENSG00000101361,turquoise
ENSG00000100902,turquoise
ENSG00000100258,turquoise
ENSG00000205143,turquoise
ENSG00000109956,turquoise
ENSG00000179218,turquoise
ENSG00000173726,turquoise
ENSG00000128512,turquoise
ENSG00000112530,turquoise
ENSG00000133985,turquoise
ENSG00000143067,turquoise
ENSG00000240970,turquoise
ENSG00000106682,turquoise
ENSG00000174021,yellow
ENSG00000100884,turquoise
ENSG00000253636,turquoise
ENSG00000177383,turquoise
ENSG00000250107,turquoise
ENSG00000160326,turquoise
ENSG00000177370,turquoise
ENSG00000105676,turquoise
ENSG00000175073,turquoise
ENSG00000128626,turquoise
ENSG00000186469,turquoise
ENSG00000251450,turquoise
ENSG00000215251,turquoise
ENSG00000145416,turquoise
ENSG00000100342,green
ENSG00000260804,turquoise
ENSG00000266962,turquoise
ENSG00000122884,grey
ENSG00000167778,turquoise
ENSG00000130638,turquoise
ENSG00000138688,turquoise
ENSG00000151948,turquoise
ENSG00000135972,turquoise
ENSG00000113597,turquoise
ENSG00000198900,turquoise
ENSG00000249119,grey
ENSG00000149292,grey
ENSG00000204209,turquoise
ENSG00000249436,turquoise
ENSG00000177674,yellow
ENSG00000085978,turquoise
ENSG00000105696,grey
ENSG00000125484,turquoise
ENSG00000088538,turquoise
ENSG00000290878,red
ENSG00000160799,turquoise
ENSG00000196126,red
ENSG00000170043,turquoise
ENSG00000099290,turquoise
ENSG00000187479,green
ENSG00000008517,grey
ENSG00000279042,turquoise
ENSG00000134108,turquoise
ENSG00000136811,turquoise
ENSG00000072182,grey
ENSG00000144460,turquoise
ENSG00000148339,turquoise
ENSG00000189067,brown
ENSG00000149571,turquoise
ENSG00000185864,blue
ENSG00000141526,red
ENSG00000101746,turquoise
ENSG00000171533,turquoise
ENSG00000116903,turquoise
ENSG00000100314,turquoise
ENSG00000287051,turquoise
ENSG00000135093,turquoise
ENSG00000116667,turquoise
ENSG00000187325,turquoise
ENSG00000148680,turquoise
ENSG00000119185,turquoise
ENSG00000060718,turquoise
ENSG00000132164,yellow
ENSG00000177239,turquoise
ENSG00000230629,magenta
ENSG00000224982,turquoise
ENSG00000143061,turquoise
ENSG00000119535,red
ENSG00000226519,turquoise
ENSG00000172548,brown
ENSG00000269952,grey
ENSG00000010327,red
ENSG00000230590,turquoise
ENSG00000134020,grey
ENSG00000143545,yellow
ENSG00000150656,brown
ENSG00000163818,turquoise
ENSG00000135596,turquoise
ENSG00000131828,turquoise
ENSG00000273198,grey
ENSG00000104679,turquoise
ENSG00000135047,turquoise
ENSG00000232177,grey
ENSG00000214174,grey
ENSG00000150054,turquoise
ENSG00000164976,yellow
ENSG00000018610,turquoise
ENSG00000183889,grey
ENSG00000099849,turquoise
ENSG00000073756,turquoise
ENSG00000239528,grey
ENSG00000290394,turquoise
ENSG00000164794,turquoise
ENSG00000063438,turquoise
ENSG00000229344,grey
ENSG00000013563,turquoise
ENSG00000059588,turquoise
ENSG00000141002,turquoise
ENSG00000204305,blue
ENSG00000173230,turquoise
ENSG00000102290,turquoise
ENSG00000286502,turquoise
ENSG00000136052,turquoise
ENSG00000115317,turquoise
ENSG00000137070,blue
ENSG00000142173,grey
ENSG00000288081,turquoise
ENSG00000279611,turquoise
ENSG00000287760,turquoise
ENSG00000166924,turquoise
ENSG00000166407,turquoise
ENSG00000196668,grey
ENSG00000167232,turquoise
ENSG00000130748,pink
ENSG00000196712,turquoise
ENSG00000123505,turquoise
ENSG00000169217,turquoise
ENSG00000182400,turquoise
ENSG00000156687,turquoise
ENSG00000070214,brown
ENSG00000308994,turquoise
ENSG00000197386,turquoise
ENSG00000165194,turquoise
ENSG00000197044,turquoise
ENSG00000143772,yellow
ENSG00000013016,turquoise
ENSG00000267372,turquoise
ENSG00000225460,brown
ENSG00000100354,turquoise
ENSG00000168329,red
ENSG00000160447,green
ENSG00000176383,turquoise
ENSG00000269883,turquoise
ENSG00000285578,turquoise
ENSG00000229156,grey
ENSG00000213658,turquoise
ENSG00000275302,grey
ENSG00000181396,turquoise
ENSG00000144406,turquoise
ENSG00000143436,turquoise
ENSG00000113763,turquoise
ENSG00000005884,turquoise
ENSG00000179083,turquoise
ENSG00000101901,turquoise
ENSG00000100285,turquoise
ENSG00000280239,turquoise
ENSG00000127415,turquoise
ENSG00000224531,turquoise
ENSG00000293320,grey
ENSG00000123200,blue
ENSG00000142552,turquoise
ENSG00000291151,turquoise
ENSG00000173530,green
ENSG00000119965,turquoise
ENSG00000160563,turquoise
ENSG00000134982,turquoise
ENSG00000237172,blue
ENSG00000179222,turquoise
ENSG00000135108,turquoise
ENSG00000234917,turquoise
ENSG00000185565,turquoise
ENSG00000257337,brown
ENSG00000185379,turquoise
ENSG00000181240,grey
ENSG00000156414,turquoise
ENSG00000182481,turquoise
ENSG00000137494,turquoise
ENSG00000100395,turquoise
ENSG00000177479,turquoise
ENSG00000235823,brown
ENSG00000152932,turquoise
ENSG00000145882,turquoise
ENSG00000137806,turquoise
ENSG00000104549,turquoise
ENSG00000115415,turquoise
ENSG00000143294,grey
ENSG00000276166,turquoise
ENSG00000179915,turquoise
ENSG00000140688,turquoise
ENSG00000001561,turquoise
ENSG00000101955,grey
ENSG00000275074,turquoise
ENSG00000185737,turquoise
ENSG00000213023,turquoise
ENSG00000140718,turquoise
ENSG00000102900,turquoise
ENSG00000185163,grey
ENSG00000242028,blue
ENSG00000147955,turquoise
ENSG00000243156,turquoise
ENSG00000062282,turquoise
ENSG00000119328,turquoise
ENSG00000012963,turquoise
ENSG00000032389,turquoise
ENSG00000133433,turquoise
ENSG00000238741,grey
ENSG00000261342,grey
ENSG00000128607,turquoise
ENSG00000198792,turquoise
ENSG00000065243,black
ENSG00000105552,grey
ENSG00000095951,turquoise
ENSG00000272338,grey
ENSG00000179454,turquoise
ENSG00000235790,blue
ENSG00000138031,turquoise
ENSG00000179178,brown
ENSG00000173456,turquoise
ENSG00000108061,turquoise
ENSG00000170759,brown
ENSG00000183060,turquoise
ENSG00000109756,turquoise
ENSG00000122550,turquoise
ENSG00000163840,green
ENSG00000130227,turquoise
ENSG00000236871,turquoise
ENSG00000081041,green
ENSG00000122824,turquoise
ENSG00000100399,brown
ENSG00000125863,turquoise
ENSG00000244754,turquoise
ENSG00000260121,black
ENSG00000143420,turquoise
ENSG00000108654,turquoise
ENSG00000157224,turquoise
ENSG00000146707,grey
ENSG00000172890,blue
ENSG00000288930,grey
ENSG00000141668,turquoise
ENSG00000092871,blue
ENSG00000271670,grey
ENSG00000181029,pink
ENSG00000128591,brown
ENSG00000307218,blue
ENSG00000248738,turquoise
ENSG00000156959,turquoise
ENSG00000036530,turquoise
ENSG00000082074,red
ENSG00000176915,turquoise
ENSG00000180332,turquoise
ENSG00000143093,turquoise
ENSG00000175874,turquoise
ENSG00000111371,turquoise
ENSG00000169490,turquoise
ENSG00000134250,yellow
ENSG00000159409,turquoise
ENSG00000151690,turquoise
ENSG00000149294,turquoise
ENSG00000210176,grey
ENSG00000181016,grey
ENSG00000002933,yellow
ENSG00000077942,yellow
ENSG00000108773,turquoise
ENSG00000260807,turquoise
ENSG00000091140,turquoise
ENSG00000134809,turquoise
ENSG00000104957,turquoise
ENSG00000108312,turquoise
ENSG00000157483,brown
ENSG00000127603,blue
ENSG00000099625,turquoise
ENSG00000226415,grey
ENSG00000272055,grey
ENSG00000104660,turquoise
ENSG00000291133,turquoise
ENSG00000258666,grey
ENSG00000178464,magenta
ENSG00000101327,turquoise
ENSG00000169436,grey
ENSG00000213866,grey
ENSG00000163516,turquoise
ENSG00000121774,turquoise
ENSG00000236754,yellow
ENSG00000105426,turquoise
ENSG00000106591,turquoise
ENSG00000168036,turquoise
ENSG00000204347,grey
ENSG00000165457,red
ENSG00000101463,turquoise
ENSG00000206077,turquoise
ENSG00000103494,turquoise
ENSG00000165730,yellow
ENSG00000198478,turquoise
ENSG00000126247,grey
ENSG00000110934,red
ENSG00000258859,turquoise
ENSG00000076604,brown
ENSG00000147676,turquoise
ENSG00000101335,grey
ENSG00000251666,turquoise
ENSG00000118242,turquoise
ENSG00000115421,turquoise
ENSG00000131016,turquoise
ENSG00000067191,grey
ENSG00000114270,turquoise
ENSG00000133134,turquoise
ENSG00000278535,turquoise
ENSG00000188185,turquoise
ENSG00000174151,turquoise
ENSG00000064763,turquoise
ENSG00000040731,turquoise
ENSG00000010610,red
ENSG00000290439,grey
ENSG00000144711,turquoise
ENSG00000288868,turquoise
ENSG00000091536,turquoise
ENSG00000164300,brown
ENSG00000136279,turquoise
ENSG00000152990,yellow
ENSG00000233123,turquoise
ENSG00000138650,turquoise
ENSG00000090861,turquoise
ENSG00000197056,black
ENSG00000105281,red
ENSG00000123416,turquoise
ENSG00000204388,grey
ENSG00000143156,turquoise
ENSG00000204677,turquoise
ENSG00000166900,turquoise
ENSG00000132024,turquoise
ENSG00000156521,turquoise
ENSG00000120156,grey
ENSG00000188277,turquoise
ENSG00000114405,turquoise
ENSG00000158517,red
ENSG00000101473,turquoise
ENSG00000128573,turquoise
ENSG00000076554,turquoise
ENSG00000120820,turquoise
ENSG00000174891,turquoise
ENSG00000143761,grey
ENSG00000157077,turquoise
ENSG00000276968,grey
ENSG00000160352,turquoise
ENSG00000239763,turquoise
ENSG00000146007,turquoise
ENSG00000284691,turquoise
ENSG00000183783,turquoise
ENSG00000141655,turquoise
ENSG00000111405,yellow
ENSG00000165995,turquoise
ENSG00000163788,turquoise
ENSG00000267283,blue
ENSG00000134709,turquoise
ENSG00000287527,turquoise
ENSG00000113141,turquoise
ENSG00000134070,turquoise
ENSG00000109472,black
ENSG00000144827,turquoise
ENSG00000271761,grey
ENSG00000168952,turquoise
ENSG00000139505,turquoise
ENSG00000188211,turquoise
ENSG00000139780,grey
ENSG00000153714,turquoise
ENSG00000181215,turquoise
ENSG00000101292,turquoise
ENSG00000196329,green
ENSG00000291223,grey
ENSG00000048991,turquoise
ENSG00000291082,grey
ENSG00000177182,turquoise
ENSG00000105341,turquoise
ENSG00000109881,turquoise
ENSG00000181524,grey
ENSG00000137822,turquoise
ENSG00000171262,turquoise
ENSG00000100461,turquoise
ENSG00000124784,turquoise
ENSG00000225706,turquoise
ENSG00000279375,turquoise
ENSG00000212125,turquoise
ENSG00000175137,turquoise
ENSG00000170502,turquoise
ENSG00000161265,turquoise
ENSG00000167552,turquoise
ENSG00000172062,turquoise
ENSG00000178662,turquoise
ENSG00000240376,magenta
ENSG00000267594,grey
ENSG00000287225,turquoise
ENSG00000060491,turquoise
ENSG00000137411,turquoise
ENSG00000111058,yellow
ENSG00000161996,turquoise
ENSG00000165338,turquoise
ENSG00000185627,turquoise
ENSG00000129197,turquoise
ENSG00000262877,brown
ENSG00000085644,turquoise
ENSG00000065150,turquoise
ENSG00000128944,turquoise
ENSG00000294214,grey
ENSG00000151689,blue
ENSG00000163364,turquoise
ENSG00000290545,turquoise
ENSG00000089916,turquoise
ENSG00000167220,turquoise
ENSG00000111913,turquoise
ENSG00000101407,turquoise
ENSG00000167508,turquoise
ENSG00000226137,turquoise
ENSG00000025293,turquoise
ENSG00000229588,turquoise
ENSG00000166292,grey
ENSG00000196072,turquoise
ENSG00000269867,turquoise
ENSG00000100916,turquoise
ENSG00000055955,turquoise
ENSG00000257057,turquoise
ENSG00000102053,turquoise
ENSG00000214485,magenta
ENSG00000079277,turquoise
ENSG00000126368,turquoise
ENSG00000160767,turquoise
ENSG00000295186,turquoise
ENSG00000200084,grey
ENSG00000143776,turquoise
ENSG00000178974,turquoise
ENSG00000221120,grey
ENSG00000067606,turquoise
ENSG00000117222,turquoise
ENSG00000214803,turquoise
ENSG00000057663,turquoise
ENSG00000164815,turquoise
ENSG00000177156,turquoise
ENSG00000059769,turquoise
ENSG00000138758,turquoise
ENSG00000272335,turquoise
ENSG00000076382,turquoise
ENSG00000087301,turquoise
ENSG00000164253,turquoise
ENSG00000070761,turquoise
ENSG00000134461,turquoise
ENSG00000100427,yellow
ENSG00000224795,brown
ENSG00000164742,turquoise
ENSG00000046653,black
ENSG00000290024,turquoise
ENSG00000169093,turquoise
ENSG00000171840,brown
ENSG00000186908,turquoise
ENSG00000019582,red
ENSG00000117877,turquoise
ENSG00000165566,brown
ENSG00000262814,turquoise
ENSG00000176945,turquoise
ENSG00000270021,brown
ENSG00000197150,turquoise
ENSG00000133641,turquoise
ENSG00000110172,turquoise
ENSG00000295208,turquoise
ENSG00000296343,turquoise
ENSG00000088986,turquoise
ENSG00000187624,turquoise
ENSG00000100614,turquoise
ENSG00000163536,turquoise
ENSG00000204147,turquoise
ENSG00000100029,turquoise
ENSG00000189223,grey
ENSG00000166004,turquoise
ENSG00000104894,red
ENSG00000179388,turquoise
ENSG00000025039,turquoise
ENSG00000186231,blue
ENSG00000171150,turquoise
ENSG00000228544,turquoise
ENSG00000123415,turquoise
ENSG00000082213,turquoise
ENSG00000214548,turquoise
ENSG00000102760,grey
ENSG00000140548,blue
ENSG00000299659,turquoise
ENSG00000132305,turquoise
ENSG00000308782,grey
ENSG00000158747,turquoise
ENSG00000289042,turquoise
ENSG00000151553,turquoise
ENSG00000033627,turquoise
ENSG00000167656,turquoise
ENSG00000198125,grey
ENSG00000123106,turquoise
ENSG00000134326,turquoise
ENSG00000144659,turquoise
ENSG00000172380,yellow
ENSG00000100462,turquoise
ENSG00000164284,turquoise
ENSG00000293510,turquoise
ENSG00000104897,turquoise
ENSG00000175707,grey
ENSG00000268038,grey
ENSG00000214455,grey
ENSG00000056998,turquoise
ENSG00000221819,turquoise
ENSG00000196503,turquoise
ENSG00000308554,blue
ENSG00000103351,turquoise
ENSG00000077984,grey
ENSG00000115241,grey
ENSG00000172977,turquoise
ENSG00000113739,grey
ENSG00000144741,turquoise
ENSG00000243649,green
ENSG00000074706,turquoise
ENSG00000068784,black
ENSG00000120727,turquoise
ENSG00000279118,yellow
ENSG00000169018,turquoise
ENSG00000167325,turquoise
ENSG00000112655,turquoise
ENSG00000183850,grey
ENSG00000075651,brown
ENSG00000131381,turquoise
ENSG00000132664,turquoise
ENSG00000168159,turquoise
ENSG00000286653,turquoise
ENSG00000162063,turquoise
ENSG00000076928,blue
ENSG00000145242,turquoise
ENSG00000177098,turquoise
ENSG00000148337,turquoise
ENSG00000113231,turquoise
ENSG00000011083,turquoise
ENSG00000158106,turquoise
ENSG00000108389,turquoise
ENSG00000132622,grey
ENSG00000196407,turquoise
ENSG00000135632,turquoise
ENSG00000263326,turquoise
ENSG00000099910,turquoise
ENSG00000189350,grey
ENSG00000126882,turquoise
ENSG00000142185,turquoise
ENSG00000112624,turquoise
ENSG00000176485,brown
ENSG00000163444,turquoise
ENSG00000097021,turquoise
ENSG00000123178,turquoise
ENSG00000185000,turquoise
ENSG00000303920,grey
ENSG00000201403,grey
ENSG00000164904,yellow
ENSG00000165355,turquoise
ENSG00000147130,turquoise
ENSG00000118322,brown
ENSG00000163412,turquoise
ENSG00000197381,turquoise
ENSG00000101445,turquoise
ENSG00000137944,turquoise
ENSG00000057935,turquoise
ENSG00000286961,turquoise
ENSG00000106415,turquoise
ENSG00000144909,black
ENSG00000167378,turquoise
ENSG00000152944,turquoise
ENSG00000079459,turquoise
ENSG00000179163,turquoise
ENSG00000298094,grey
ENSG00000272636,turquoise
ENSG00000107165,turquoise
ENSG00000169710,turquoise
ENSG00000162543,turquoise
ENSG00000272434,grey
ENSG00000119771,turquoise
ENSG00000104738,turquoise
ENSG00000170290,grey
ENSG00000162572,turquoise
ENSG00000228696,grey
ENSG00000145063,turquoise
ENSG00000123444,turquoise
ENSG00000069275,turquoise
ENSG00000073605,turquoise
ENSG00000140443,turquoise
ENSG00000140350,turquoise
ENSG00000137831,brown
ENSG00000164258,turquoise
ENSG00000180828,turquoise
ENSG00000166913,turquoise
ENSG00000134775,turquoise
ENSG00000096092,turquoise
ENSG00000004897,turquoise
ENSG00000103549,turquoise
ENSG00000092295,turquoise
ENSG00000079691,black
ENSG00000003402,grey
ENSG00000139697,turquoise
ENSG00000134283,turquoise
ENSG00000158435,turquoise
ENSG00000068394,turquoise
ENSG00000308525,turquoise
ENSG00000128567,green
ENSG00000065548,turquoise
ENSG00000261738,turquoise
ENSG00000183662,turquoise
ENSG00000287024,brown
ENSG00000120708,grey
ENSG00000215440,turquoise
ENSG00000142530,turquoise
ENSG00000132938,turquoise
ENSG00000291003,grey
ENSG00000103064,turquoise
ENSG00000137801,green
ENSG00000144744,turquoise
ENSG00000013503,turquoise
ENSG00000117480,turquoise
ENSG00000158195,brown
ENSG00000259287,grey
ENSG00000114648,turquoise
ENSG00000171723,turquoise
ENSG00000077327,turquoise
ENSG00000210112,grey
ENSG00000261451,turquoise
ENSG00000134443,grey
ENSG00000184838,turquoise
ENSG00000134970,black
ENSG00000105251,turquoise
ENSG00000169504,brown
ENSG00000118482,blue
ENSG00000251988,grey
ENSG00000164880,turquoise
ENSG00000278611,grey
ENSG00000182103,yellow
ENSG00000168785,turquoise
ENSG00000095066,turquoise
ENSG00000170017,blue
ENSG00000163050,turquoise
ENSG00000083799,turquoise
ENSG00000179820,turquoise
ENSG00000134531,green
ENSG00000308579,grey
ENSG00000233225,turquoise
ENSG00000204588,turquoise
ENSG00000159788,turquoise
ENSG00000105697,red
ENSG00000099960,turquoise
ENSG00000302593,blue
ENSG00000110841,turquoise
ENSG00000300914,brown
ENSG00000215114,turquoise
ENSG00000128908,turquoise
ENSG00000305731,grey
ENSG00000242732,turquoise
ENSG00000166603,turquoise
ENSG00000188242,turquoise
ENSG00000088340,turquoise
ENSG00000168374,turquoise
ENSG00000278740,grey
ENSG00000165125,turquoise
ENSG00000227370,turquoise
ENSG00000176986,blue
ENSG00000130985,turquoise
ENSG00000177427,turquoise
ENSG00000251621,turquoise
ENSG00000223572,grey
ENSG00000110852,green
ENSG00000121361,grey
ENSG00000158258,turquoise
ENSG00000102287,green
ENSG00000130695,blue
ENSG00000168286,turquoise
ENSG00000029993,turquoise
ENSG00000289731,turquoise
ENSG00000177628,turquoise
ENSG00000146574,turquoise
ENSG00000142583,red
ENSG00000189058,brown
ENSG00000260911,brown
ENSG00000048740,turquoise
ENSG00000156711,turquoise
ENSG00000130653,turquoise
ENSG00000235681,grey
ENSG00000235531,turquoise
ENSG00000135829,turquoise
ENSG00000180998,turquoise
ENSG00000106066,red
ENSG00000137285,yellow
ENSG00000123562,turquoise
ENSG00000279812,grey
ENSG00000177606,grey
ENSG00000144218,turquoise
ENSG00000185088,grey
ENSG00000166428,red
ENSG00000133026,turquoise
ENSG00000240409,grey
ENSG00000139405,turquoise
ENSG00000186891,grey
ENSG00000164128,turquoise
ENSG00000182934,turquoise
ENSG00000206910,grey
ENSG00000134308,turquoise
ENSG00000144136,turquoise
ENSG00000167123,brown
ENSG00000197147,turquoise
ENSG00000224731,grey
ENSG00000164465,turquoise
ENSG00000243789,turquoise
ENSG00000166862,turquoise
ENSG00000258890,blue
ENSG00000135454,turquoise
ENSG00000140474,turquoise
ENSG00000294552,turquoise
ENSG00000150782,red
ENSG00000136717,blue
ENSG00000067992,turquoise
ENSG00000100505,turquoise
ENSG00000189171,grey
ENSG00000175445,grey
ENSG00000074696,turquoise
ENSG00000111412,turquoise
ENSG00000036672,turquoise
ENSG00000197774,turquoise
ENSG00000005020,turquoise
ENSG00000187260,turquoise
ENSG00000186340,blue
ENSG00000184925,grey
ENSG00000154277,turquoise
ENSG00000200737,grey
ENSG00000224114,grey
ENSG00000122574,turquoise
ENSG00000275004,turquoise
ENSG00000119471,yellow
ENSG00000105576,turquoise
ENSG00000051825,turquoise
ENSG00000214946,turquoise
ENSG00000170315,grey
ENSG00000107862,turquoise
ENSG00000290003,grey
ENSG00000076356,turquoise
ENSG00000174453,turquoise
ENSG00000197355,blue
ENSG00000085514,turquoise
ENSG00000268545,grey
ENSG00000186188,turquoise
ENSG00000115652,turquoise
ENSG00000067829,turquoise
ENSG00000060709,turquoise
ENSG00000126822,brown
ENSG00000162576,turquoise
ENSG00000279090,grey
ENSG00000166343,turquoise
ENSG00000165716,turquoise
ENSG00000117868,turquoise
ENSG00000185736,grey
ENSG00000228170,grey
ENSG00000137409,turquoise
ENSG00000238194,brown
ENSG00000158292,turquoise
ENSG00000111364,turquoise
ENSG00000163430,green
ENSG00000156642,turquoise
ENSG00000213639,turquoise
ENSG00000227719,turquoise
ENSG00000177888,turquoise
ENSG00000131779,turquoise
ENSG00000163082,turquoise
ENSG00000155265,turquoise
ENSG00000179115,turquoise
ENSG00000154620,grey
ENSG00000182173,turquoise
ENSG00000136531,turquoise
ENSG00000072042,turquoise
ENSG00000286331,grey
ENSG00000132467,turquoise
ENSG00000254726,grey
ENSG00000083750,turquoise
ENSG00000157881,turquoise
ENSG00000116016,green
ENSG00000290165,grey
ENSG00000204120,turquoise
ENSG00000071073,turquoise
ENSG00000241399,black
ENSG00000067445,turquoise
ENSG00000235595,turquoise
ENSG00000137312,turquoise
ENSG00000274376,turquoise
ENSG00000170364,turquoise
ENSG00000188859,turquoise
ENSG00000187605,turquoise
ENSG00000136295,turquoise
ENSG00000157954,turquoise
ENSG00000257434,turquoise
ENSG00000278627,turquoise
ENSG00000196090,turquoise
ENSG00000119737,black
ENSG00000183530,turquoise
ENSG00000260428,turquoise
ENSG00000135535,black
ENSG00000239335,grey
ENSG00000102753,turquoise
ENSG00000163961,turquoise
ENSG00000170322,turquoise
ENSG00000108306,turquoise
ENSG00000142192,turquoise
ENSG00000204560,turquoise
ENSG00000184220,turquoise
ENSG00000210164,grey
ENSG00000147164,turquoise
ENSG00000130935,turquoise
ENSG00000006047,turquoise
ENSG00000135074,turquoise
ENSG00000060558,turquoise
ENSG00000197102,turquoise
ENSG00000031003,turquoise
ENSG00000288757,grey
ENSG00000249109,turquoise
ENSG00000198719,brown
ENSG00000118873,turquoise
ENSG00000112218,turquoise
ENSG00000103811,grey
ENSG00000182118,green
ENSG00000300824,grey
ENSG00000274767,turquoise
ENSG00000089048,blue
ENSG00000096968,turquoise
ENSG00000123975,turquoise
ENSG00000135336,turquoise
ENSG00000124140,turquoise
ENSG00000295221,turquoise
ENSG00000070961,turquoise
ENSG00000088280,yellow
ENSG00000095303,red
ENSG00000189091,turquoise
ENSG00000269553,brown
ENSG00000082497,turquoise
ENSG00000003987,turquoise
ENSG00000270906,grey
ENSG00000104388,turquoise
ENSG00000105278,turquoise
ENSG00000282608,red
ENSG00000172292,turquoise
ENSG00000006377,turquoise
ENSG00000132313,turquoise
ENSG00000184905,turquoise
ENSG00000198561,blue
ENSG00000125459,turquoise
ENSG00000198961,turquoise
ENSG00000164211,turquoise
ENSG00000271730,grey
ENSG00000290162,grey
ENSG00000115368,blue
ENSG00000007516,turquoise
ENSG00000162910,turquoise
ENSG00000166206,turquoise
ENSG00000161281,turquoise
ENSG00000185787,turquoise
ENSG00000248367,turquoise
ENSG00000205629,turquoise
ENSG00000129128,turquoise
ENSG00000185774,turquoise
ENSG00000075240,turquoise
ENSG00000204592,green
ENSG00000145555,brown
ENSG00000119929,turquoise
ENSG00000183207,turquoise
ENSG00000169288,turquoise
ENSG00000185614,turquoise
ENSG00000009724,turquoise
ENSG00000293434,blue
ENSG00000185800,turquoise
ENSG00000171532,turquoise
ENSG00000143878,grey
ENSG00000138834,turquoise
ENSG00000101290,turquoise
ENSG00000111667,turquoise
ENSG00000127399,turquoise
ENSG00000189181,turquoise
ENSG00000268049,turquoise
ENSG00000163909,green
ENSG00000122733,turquoise
ENSG00000161681,turquoise
ENSG00000278989,turquoise
ENSG00000015592,turquoise
ENSG00000102230,turquoise
ENSG00000167721,turquoise
ENSG00000299751,turquoise
ENSG00000143393,turquoise
ENSG00000197859,turquoise
ENSG00000100104,turquoise
ENSG00000149451,grey
ENSG00000272361,grey
ENSG00000019991,grey
ENSG00000271265,grey
ENSG00000006530,turquoise
ENSG00000162645,green
ENSG00000175470,turquoise
ENSG00000163346,yellow
ENSG00000243477,turquoise
ENSG00000182810,turquoise
ENSG00000205339,turquoise
ENSG00000242299,magenta
ENSG00000123737,turquoise
ENSG00000178295,turquoise
ENSG00000171100,black
ENSG00000131067,turquoise
ENSG00000133789,grey
ENSG00000086730,red
ENSG00000154370,turquoise
ENSG00000070061,turquoise
ENSG00000273267,grey
ENSG00000154928,grey
ENSG00000184602,turquoise
ENSG00000153560,turquoise
ENSG00000028116,brown
ENSG00000100350,turquoise
ENSG00000102103,grey
ENSG00000278012,grey
ENSG00000163512,turquoise
ENSG00000239607,turquoise
ENSG00000103489,turquoise
ENSG00000204338,grey
ENSG00000212694,grey
ENSG00000037474,turquoise
ENSG00000241231,grey
ENSG00000172765,turquoise
ENSG00000008282,brown
ENSG00000090006,turquoise
ENSG00000060138,green
ENSG00000267077,grey
ENSG00000124587,turquoise
ENSG00000165092,grey
ENSG00000114302,turquoise
ENSG00000154856,yellow
ENSG00000120129,grey
ENSG00000248508,brown
ENSG00000290890,blue
ENSG00000223534,grey
ENSG00000124243,turquoise
ENSG00000142186,turquoise
ENSG00000076108,blue
ENSG00000153266,turquoise
ENSG00000075089,turquoise
ENSG00000160613,turquoise
ENSG00000003393,turquoise
ENSG00000178950,grey
ENSG00000008056,turquoise
ENSG00000103226,turquoise
ENSG00000122068,turquoise
ENSG00000130958,brown
ENSG00000261373,turquoise
ENSG00000148468,turquoise
ENSG00000158856,turquoise
ENSG00000075711,blue
ENSG00000112584,turquoise
ENSG00000285967,turquoise
ENSG00000130540,turquoise
ENSG00000084710,turquoise
ENSG00000197694,turquoise
ENSG00000130005,turquoise
ENSG00000134318,turquoise
ENSG00000104490,turquoise
ENSG00000096654,turquoise
ENSG00000130764,turquoise
ENSG00000100908,turquoise
ENSG00000099866,grey
ENSG00000286017,turquoise
ENSG00000047056,turquoise
ENSG00000125352,turquoise
ENSG00000179431,turquoise
ENSG00000145041,turquoise
ENSG00000147459,brown
ENSG00000108469,turquoise
ENSG00000102893,turquoise
ENSG00000198231,turquoise
ENSG00000085998,turquoise
ENSG00000143643,turquoise
ENSG00000168077,yellow
ENSG00000103222,turquoise
ENSG00000198055,turquoise
ENSG00000165525,turquoise
ENSG00000186047,turquoise
ENSG00000124207,turquoise
ENSG00000204442,turquoise
ENSG00000259408,turquoise
ENSG00000284479,turquoise
ENSG00000067369,turquoise
ENSG00000066654,turquoise
ENSG00000074211,turquoise
ENSG00000100167,turquoise
ENSG00000165507,green
ENSG00000189180,turquoise
ENSG00000163406,yellow
ENSG00000003147,turquoise
ENSG00000267121,turquoise
ENSG00000169598,turquoise
ENSG00000243509,green
ENSG00000118308,turquoise
ENSG00000127995,turquoise
ENSG00000184792,turquoise
ENSG00000145990,turquoise
ENSG00000166278,red
ENSG00000227107,turquoise
ENSG00000145050,turquoise
ENSG00000083067,turquoise
ENSG00000123901,turquoise
ENSG00000149577,turquoise
ENSG00000088367,turquoise
ENSG00000210117,grey
ENSG00000213930,turquoise
ENSG00000106624,grey
ENSG00000297168,turquoise
ENSG00000048052,turquoise
ENSG00000275464,grey
ENSG00000293311,turquoise
ENSG00000164548,turquoise
ENSG00000161048,turquoise
ENSG00000221750,grey
ENSG00000114698,yellow
ENSG00000185988,grey
ENSG00000068615,turquoise
ENSG00000170515,turquoise
ENSG00000283891,turquoise
ENSG00000290600,blue
ENSG00000116014,grey
ENSG00000091136,turquoise
ENSG00000104231,turquoise
ENSG00000173334,grey
ENSG00000184408,turquoise
ENSG00000234797,magenta
ENSG00000104341,turquoise
ENSG00000100433,turquoise
ENSG00000197430,brown
ENSG00000088812,turquoise
ENSG00000032444,turquoise
ENSG00000249471,turquoise
ENSG00000163728,turquoise
ENSG00000156299,turquoise
ENSG00000120549,turquoise
ENSG00000034677,turquoise
ENSG00000040341,turquoise
ENSG00000280099,turquoise
ENSG00000308434,turquoise
ENSG00000143515,turquoise
ENSG00000119147,turquoise
ENSG00000273027,grey
ENSG00000286904,yellow
ENSG00000038274,turquoise
ENSG00000279792,turquoise
ENSG00000263826,turquoise
ENSG00000231858,grey
ENSG00000042753,turquoise
ENSG00000175711,turquoise
ENSG00000173706,grey
ENSG00000166963,turquoise
ENSG00000120802,turquoise
ENSG00000137766,turquoise
ENSG00000126970,turquoise
ENSG00000223768,turquoise
ENSG00000141469,yellow
ENSG00000198912,turquoise
ENSG00000163485,turquoise
ENSG00000305306,grey
ENSG00000132824,turquoise
ENSG00000103404,turquoise
ENSG00000143473,turquoise
ENSG00000177192,turquoise
ENSG00000169783,turquoise
ENSG00000272789,grey
ENSG00000099968,turquoise
ENSG00000119899,turquoise
ENSG00000108395,turquoise
ENSG00000162931,turquoise
ENSG00000047936,turquoise
ENSG00000198756,turquoise
ENSG00000079335,yellow
ENSG00000276966,grey
ENSG00000204856,turquoise
ENSG00000100994,turquoise
ENSG00000260788,brown
ENSG00000134375,turquoise
ENSG00000237943,brown
ENSG00000081803,turquoise
ENSG00000109046,blue
ENSG00000169271,grey
ENSG00000272779,turquoise
ENSG00000171811,turquoise
ENSG00000139163,turquoise
ENSG00000109536,turquoise
ENSG00000272273,turquoise
ENSG00000167641,brown
ENSG00000207405,grey
ENSG00000178233,turquoise
ENSG00000135503,turquoise
ENSG00000278727,turquoise
ENSG00000175497,turquoise
ENSG00000101152,turquoise
ENSG00000142459,turquoise
ENSG00000103365,turquoise
ENSG00000158850,turquoise
ENSG00000110955,turquoise
ENSG00000149573,green
ENSG00000033030,blue
ENSG00000113558,turquoise
ENSG00000196937,turquoise
ENSG00000145730,turquoise
ENSG00000218175,magenta
ENSG00000244398,magenta
ENSG00000141433,turquoise
ENSG00000274118,grey
ENSG00000058335,turquoise
ENSG00000138442,turquoise
ENSG00000176248,turquoise
ENSG00000234043,turquoise
ENSG00000111664,turquoise
ENSG00000152595,turquoise
ENSG00000261543,grey
ENSG00000153563,turquoise
ENSG00000136842,turquoise
ENSG00000139211,turquoise
ENSG00000112290,turquoise
ENSG00000279861,turquoise
ENSG00000137501,turquoise
ENSG00000154975,turquoise
ENSG00000082512,turquoise
ENSG00000301612,turquoise
ENSG00000207425,grey
ENSG00000024862,turquoise
ENSG00000132702,brown
ENSG00000130159,turquoise
ENSG00000132424,blue
ENSG00000114021,turquoise
ENSG00000196139,yellow
ENSG00000132793,yellow
ENSG00000163171,turquoise
ENSG00000112186,turquoise
ENSG00000117410,turquoise
ENSG00000160789,grey
ENSG00000173546,grey
ENSG00000119714,turquoise
ENSG00000164109,turquoise
ENSG00000183309,turquoise
ENSG00000141378,turquoise
ENSG00000197696,brown
ENSG00000116774,red
ENSG00000198915,turquoise
ENSG00000078269,blue
ENSG00000242598,grey
ENSG00000289183,turquoise
ENSG00000164506,turquoise
ENSG00000138641,turquoise
ENSG00000102409,turquoise
ENSG00000271551,turquoise
ENSG00000124486,turquoise
ENSG00000124507,turquoise
ENSG00000305446,turquoise
ENSG00000280936,turquoise
ENSG00000103740,yellow
ENSG00000272824,turquoise
ENSG00000175198,turquoise
ENSG00000163629,black
ENSG00000237039,grey
ENSG00000122512,turquoise
ENSG00000139631,blue
ENSG00000082397,turquoise
ENSG00000108342,green
ENSG00000160200,grey
ENSG00000175322,turquoise
ENSG00000091879,green
ENSG00000168040,turquoise
ENSG00000167157,grey
ENSG00000075886,turquoise
ENSG00000207200,grey
ENSG00000155330,turquoise
ENSG00000280128,turquoise
ENSG00000120885,black
ENSG00000198598,turquoise
ENSG00000087842,yellow
ENSG00000206527,turquoise
ENSG00000102362,yellow
ENSG00000123977,turquoise
ENSG00000196372,turquoise
ENSG00000211592,grey
ENSG00000136541,brown
ENSG00000124333,turquoise
ENSG00000100678,turquoise
ENSG00000266964,yellow
ENSG00000273033,turquoise
ENSG00000265750,turquoise
ENSG00000285926,turquoise
ENSG00000144357,turquoise
ENSG00000309241,grey
ENSG00000163285,yellow
ENSG00000184113,green
ENSG00000237737,turquoise
ENSG00000234975,magenta
ENSG00000170899,turquoise
ENSG00000253159,grey
ENSG00000256806,turquoise
ENSG00000128683,turquoise
ENSG00000107338,brown
ENSG00000287657,grey
ENSG00000265791,turquoise
ENSG00000103994,turquoise
ENSG00000273802,red
ENSG00000205356,turquoise
ENSG00000279689,blue
ENSG00000224076,turquoise
ENSG00000050628,turquoise
ENSG00000174473,turquoise
ENSG00000083857,yellow
ENSG00000266910,turquoise
ENSG00000174059,grey
ENSG00000075223,turquoise
ENSG00000152578,turquoise
ENSG00000102078,turquoise
ENSG00000296013,grey
ENSG00000162517,turquoise
ENSG00000112159,turquoise
ENSG00000105058,turquoise
ENSG00000163491,turquoise
ENSG00000020129,turquoise
ENSG00000188643,yellow
ENSG00000116750,turquoise
ENSG00000285844,turquoise
ENSG00000101489,turquoise
ENSG00000086300,turquoise
ENSG00000086205,brown
ENSG00000110400,turquoise
ENSG00000129353,yellow
ENSG00000072422,turquoise
ENSG00000070759,brown
ENSG00000102572,turquoise
ENSG00000226717,turquoise
ENSG00000198937,turquoise
ENSG00000258818,yellow
ENSG00000196177,turquoise
ENSG00000310019,turquoise
ENSG00000260001,pink
ENSG00000114770,turquoise
ENSG00000130701,grey
ENSG00000089169,turquoise
ENSG00000138107,turquoise
ENSG00000293360,turquoise
ENSG00000080845,turquoise
ENSG00000172828,turquoise
ENSG00000011426,brown
ENSG00000116984,blue
ENSG00000135333,turquoise
ENSG00000135119,turquoise
ENSG00000150991,turquoise
ENSG00000228238,turquoise
ENSG00000293607,turquoise
ENSG00000169933,turquoise
ENSG00000094796,turquoise
ENSG00000007168,turquoise
ENSG00000160469,turquoise
ENSG00000287978,grey
ENSG00000189339,turquoise
ENSG00000117118,turquoise
ENSG00000143127,grey
ENSG00000309835,turquoise
ENSG00000058453,turquoise
ENSG00000132432,turquoise
ENSG00000149503,turquoise
ENSG00000164715,turquoise
ENSG00000166167,turquoise
ENSG00000129691,turquoise
ENSG00000170113,turquoise
ENSG00000272372,black
ENSG00000307004,turquoise
ENSG00000186854,turquoise
ENSG00000128594,turquoise
ENSG00000272157,grey
ENSG00000067955,brown
ENSG00000275759,grey
ENSG00000054392,turquoise
ENSG00000225630,grey
ENSG00000183114,turquoise
ENSG00000171497,turquoise
ENSG00000181222,turquoise
ENSG00000064545,turquoise
ENSG00000118160,turquoise
ENSG00000198626,turquoise
ENSG00000178449,turquoise
ENSG00000286353,turquoise
ENSG00000163558,turquoise
ENSG00000225756,grey
ENSG00000253746,turquoise
ENSG00000066697,turquoise
ENSG00000266338,turquoise
ENSG00000302599,grey
ENSG00000009307,turquoise
ENSG00000137642,turquoise
ENSG00000215021,turquoise
ENSG00000172673,turquoise
ENSG00000070366,blue
ENSG00000289192,turquoise
ENSG00000120805,turquoise
ENSG00000056050,turquoise
ENSG00000188765,grey
ENSG00000129317,turquoise
ENSG00000162222,turquoise
ENSG00000117600,turquoise
ENSG00000173705,turquoise
ENSG00000287537,turquoise
ENSG00000135709,turquoise
ENSG00000168502,turquoise
ENSG00000146094,turquoise
ENSG00000167723,blue
ENSG00000114446,turquoise
ENSG00000137815,turquoise
ENSG00000213465,turquoise
ENSG00000229425,turquoise
ENSG00000196123,turquoise
ENSG00000221869,green
ENSG00000197969,turquoise
ENSG00000134376,yellow
ENSG00000253729,turquoise
ENSG00000125170,turquoise
ENSG00000166847,turquoise
ENSG00000110721,turquoise
ENSG00000296149,turquoise
ENSG00000137941,blue
ENSG00000129993,turquoise
ENSG00000168517,turquoise
ENSG00000265491,turquoise
ENSG00000293141,turquoise
ENSG00000132768,turquoise
ENSG00000253559,turquoise
ENSG00000156304,turquoise
ENSG00000084731,turquoise
ENSG00000117245,grey
ENSG00000172803,turquoise
ENSG00000259562,turquoise
ENSG00000242353,turquoise
ENSG00000131849,turquoise
ENSG00000272512,grey
ENSG00000261186,grey
ENSG00000279499,grey
ENSG00000138029,yellow
ENSG00000105722,turquoise
ENSG00000012779,red
ENSG00000273338,grey
ENSG00000136159,turquoise
ENSG00000177614,turquoise
ENSG00000117461,turquoise
ENSG00000124789,turquoise
ENSG00000275835,turquoise
ENSG00000100246,turquoise
ENSG00000110107,turquoise
ENSG00000197329,black
ENSG00000152503,turquoise
ENSG00000169193,turquoise
ENSG00000164024,turquoise
ENSG00000065675,blue
ENSG00000188229,turquoise
ENSG00000213213,turquoise
ENSG00000171450,turquoise
ENSG00000155760,yellow
ENSG00000050438,turquoise
ENSG00000112312,yellow
ENSG00000178773,grey
ENSG00000299405,turquoise
ENSG00000166471,turquoise
ENSG00000062485,turquoise
ENSG00000168124,turquoise
ENSG00000116685,turquoise
ENSG00000079246,turquoise
ENSG00000198435,grey
ENSG00000144021,turquoise
ENSG00000188582,turquoise
ENSG00000139613,turquoise
ENSG00000176155,turquoise
ENSG00000243679,blue
ENSG00000124225,turquoise
ENSG00000128581,turquoise
ENSG00000123243,grey
ENSG00000206991,grey
ENSG00000165621,turquoise
ENSG00000132002,grey
ENSG00000130475,turquoise
ENSG00000197530,turquoise
ENSG00000177301,turquoise
ENSG00000149657,turquoise
ENSG00000158457,turquoise
ENSG00000121281,turquoise
ENSG00000184731,turquoise
ENSG00000107282,turquoise
ENSG00000204576,grey
ENSG00000120265,turquoise
ENSG00000038358,grey
ENSG00000107186,turquoise
ENSG00000115762,turquoise
ENSG00000182796,blue
ENSG00000141385,turquoise
ENSG00000279246,turquoise
ENSG00000091972,turquoise
ENSG00000251602,turquoise
ENSG00000203760,turquoise
ENSG00000221914,turquoise
ENSG00000182325,turquoise
ENSG00000166197,turquoise
ENSG00000099377,green
ENSG00000184388,turquoise
ENSG00000163468,turquoise
ENSG00000279398,grey
ENSG00000151376,turquoise
ENSG00000010322,turquoise
ENSG00000197283,turquoise
ENSG00000230910,turquoise
ENSG00000142609,turquoise
ENSG00000261340,turquoise
ENSG00000006007,turquoise
ENSG00000136535,turquoise
ENSG00000129159,turquoise
ENSG00000162972,turquoise
ENSG00000081307,turquoise
ENSG00000274276,grey
ENSG00000182511,grey
ENSG00000156113,turquoise
ENSG00000125730,red
ENSG00000160271,grey
ENSG00000223374,blue
ENSG00000172824,turquoise
ENSG00000081189,turquoise
ENSG00000172493,black
ENSG00000278238,turquoise
ENSG00000272479,grey
ENSG00000151366,turquoise
ENSG00000138162,turquoise
ENSG00000151632,turquoise
ENSG00000279504,grey
ENSG00000204071,turquoise
ENSG00000088899,turquoise
ENSG00000305244,grey
ENSG00000248469,turquoise
ENSG00000104856,grey
ENSG00000130844,turquoise
ENSG00000286282,turquoise
ENSG00000210195,grey
ENSG00000176293,turquoise
ENSG00000066056,grey
ENSG00000136826,grey
ENSG00000157005,turquoise
ENSG00000227799,turquoise
ENSG00000157014,turquoise
ENSG00000196588,turquoise
ENSG00000139793,turquoise
ENSG00000166747,turquoise
ENSG00000235772,grey
ENSG00000187486,turquoise
ENSG00000017797,turquoise
ENSG00000179456,turquoise
ENSG00000224660,blue
ENSG00000230149,brown
ENSG00000111785,turquoise
ENSG00000111728,turquoise
ENSG00000151090,turquoise
ENSG00000162951,turquoise
ENSG00000127588,turquoise
ENSG00000131473,turquoise
ENSG00000259959,turquoise
ENSG00000101306,grey
ENSG00000149243,turquoise
ENSG00000139436,turquoise
ENSG00000105963,turquoise
ENSG00000210196,grey
ENSG00000104327,turquoise
ENSG00000125037,turquoise
ENSG00000213598,magenta
ENSG00000158985,turquoise
ENSG00000131584,turquoise
ENSG00000167995,brown
ENSG00000166073,turquoise
ENSG00000185112,turquoise
ENSG00000170122,grey
ENSG00000198932,turquoise
ENSG00000116981,turquoise
ENSG00000212607,grey
ENSG00000179292,turquoise
ENSG00000105514,turquoise
ENSG00000175471,turquoise
ENSG00000128578,turquoise
ENSG00000266456,turquoise
ENSG00000027847,turquoise
ENSG00000164061,turquoise
ENSG00000140545,grey
ENSG00000139636,turquoise
ENSG00000149260,turquoise
ENSG00000105732,grey
ENSG00000164414,turquoise
ENSG00000162231,turquoise
ENSG00000067798,turquoise
ENSG00000304583,turquoise
ENSG00000170846,turquoise
ENSG00000133997,turquoise
ENSG00000214688,yellow
ENSG00000139537,turquoise
ENSG00000146409,yellow
ENSG00000108384,turquoise
ENSG00000049860,turquoise
ENSG00000137261,turquoise
ENSG00000165029,black
ENSG00000226762,turquoise
ENSG00000260233,turquoise
ENSG00000138119,green
ENSG00000205611,grey
ENSG00000206760,blue
ENSG00000289505,turquoise
ENSG00000086065,turquoise
ENSG00000173442,turquoise
ENSG00000179774,grey
ENSG00000212864,grey
ENSG00000175643,turquoise
ENSG00000183785,turquoise
ENSG00000168280,turquoise
ENSG00000107242,turquoise
ENSG00000106868,turquoise
ENSG00000125834,turquoise
ENSG00000155849,turquoise
ENSG00000289056,turquoise
ENSG00000116731,turquoise
ENSG00000289216,grey
ENSG00000136750,turquoise
ENSG00000090061,blue
ENSG00000286989,turquoise
ENSG00000175040,turquoise
ENSG00000187514,brown
ENSG00000173918,grey
ENSG00000092421,brown
ENSG00000122986,yellow
ENSG00000146830,turquoise
ENSG00000105143,turquoise
ENSG00000147799,turquoise
ENSG00000273855,turquoise
ENSG00000225975,turquoise
ENSG00000104723,turquoise
ENSG00000153975,turquoise
ENSG00000111912,turquoise
ENSG00000145348,turquoise
ENSG00000198853,turquoise
ENSG00000198786,grey
ENSG00000138640,turquoise
ENSG00000064300,grey
ENSG00000116237,turquoise
ENSG00000250056,turquoise
ENSG00000151176,turquoise
ENSG00000198420,turquoise
ENSG00000183020,turquoise
ENSG00000119707,turquoise
ENSG00000145920,turquoise
ENSG00000100151,turquoise
ENSG00000109846,brown
ENSG00000160781,brown
ENSG00000140943,turquoise
ENSG00000226221,magenta
ENSG00000310390,grey
ENSG00000174405,turquoise
ENSG00000233762,grey
ENSG00000116584,turquoise
ENSG00000196428,turquoise
ENSG00000198363,black
ENSG00000057704,brown
ENSG00000007376,turquoise
ENSG00000174238,turquoise
ENSG00000254206,grey
ENSG00000075415,turquoise
ENSG00000294111,grey
ENSG00000246731,brown
ENSG00000259258,grey
ENSG00000114030,turquoise
ENSG00000163918,turquoise
ENSG00000139737,brown
ENSG00000230124,turquoise
ENSG00000294616,turquoise
ENSG00000276663,brown
ENSG00000084652,turquoise
ENSG00000301801,turquoise
ENSG00000239789,turquoise
ENSG00000185942,yellow
ENSG00000151640,turquoise
ENSG00000138443,turquoise
ENSG00000176194,turquoise
ENSG00000047621,turquoise
ENSG00000105926,turquoise
ENSG00000077264,turquoise
ENSG00000286532,turquoise
ENSG00000140379,green
ENSG00000100888,turquoise
ENSG00000153902,grey
ENSG00000139155,yellow
ENSG00000158941,grey
ENSG00000300702,turquoise
ENSG00000160753,turquoise
ENSG00000135549,turquoise
ENSG00000185630,turquoise
ENSG00000203930,turquoise
ENSG00000267244,blue
ENSG00000125633,turquoise
ENSG00000268895,turquoise
ENSG00000106327,turquoise
ENSG00000152377,turquoise
ENSG00000004848,turquoise
ENSG00000103932,turquoise
ENSG00000105983,turquoise
ENSG00000286491,turquoise
ENSG00000154511,turquoise
ENSG00000064651,blue
ENSG00000113649,turquoise
ENSG00000234771,turquoise
ENSG00000275178,turquoise
ENSG00000166326,turquoise
ENSG00000136197,turquoise
ENSG00000172531,turquoise
ENSG00000089195,turquoise
ENSG00000179348,grey
ENSG00000144355,turquoise
ENSG00000164611,turquoise
ENSG00000105711,turquoise
ENSG00000176406,turquoise
ENSG00000125354,turquoise
ENSG00000134575,turquoise
ENSG00000105675,grey
ENSG00000100109,turquoise
ENSG00000166710,green
ENSG00000275484,grey
ENSG00000165171,grey
ENSG00000290880,turquoise
ENSG00000099785,turquoise
ENSG00000135541,turquoise
ENSG00000185291,green
ENSG00000112992,turquoise
ENSG00000140326,turquoise
ENSG00000023287,turquoise
ENSG00000181649,turquoise
ENSG00000133121,turquoise
ENSG00000155366,yellow
ENSG00000151572,turquoise
ENSG00000171798,turquoise
ENSG00000267868,turquoise
ENSG00000162139,turquoise
ENSG00000198053,turquoise
ENSG00000175806,turquoise
ENSG00000204713,turquoise
ENSG00000085382,turquoise
ENSG00000065526,blue
ENSG00000184517,turquoise
ENSG00000176749,turquoise
ENSG00000184254,turquoise
ENSG00000204982,grey
ENSG00000001497,turquoise
ENSG00000146859,brown
ENSG00000261766,turquoise
ENSG00000085872,turquoise
ENSG00000198455,turquoise
ENSG00000124067,yellow
ENSG00000198089,turquoise
ENSG00000267653,grey
ENSG00000145349,turquoise
ENSG00000196793,turquoise
ENSG00000013293,turquoise
ENSG00000120137,turquoise
ENSG00000158793,turquoise
ENSG00000258626,grey
ENSG00000131386,brown
ENSG00000183549,grey
ENSG00000096070,turquoise
ENSG00000253230,turquoise
ENSG00000105707,brown
ENSG00000172375,turquoise
ENSG00000125534,turquoise
ENSG00000140398,turquoise
ENSG00000090565,turquoise
ENSG00000010318,turquoise
ENSG00000131095,yellow
ENSG00000281538,turquoise
ENSG00000165985,turquoise
ENSG00000130368,turquoise
ENSG00000228315,turquoise
ENSG00000119402,turquoise
ENSG00000171587,turquoise
ENSG00000086758,turquoise
ENSG00000237399,blue
ENSG00000151917,turquoise
ENSG00000066739,turquoise
ENSG00000153822,grey
ENSG00000148826,brown
ENSG00000138768,turquoise
ENSG00000111647,turquoise
ENSG00000038219,turquoise
ENSG00000233175,turquoise
ENSG00000248890,brown
ENSG00000115598,turquoise
ENSG00000147383,turquoise
ENSG00000260077,turquoise
ENSG00000009950,turquoise
ENSG00000124787,turquoise
ENSG00000301589,blue
ENSG00000100365,red
ENSG00000125967,turquoise
ENSG00000022976,turquoise
ENSG00000285269,brown
ENSG00000083937,turquoise
ENSG00000257829,turquoise
ENSG00000101363,turquoise
ENSG00000073578,turquoise
ENSG00000232472,magenta
ENSG00000075790,turquoise
ENSG00000148053,black
ENSG00000178381,turquoise
ENSG00000053524,grey
ENSG00000188536,grey
ENSG00000254664,turquoise
ENSG00000277782,turquoise
ENSG00000147419,turquoise
ENSG00000103415,turquoise
ENSG00000099622,turquoise
ENSG00000260197,grey
ENSG00000231768,yellow
ENSG00000185955,grey
ENSG00000125482,turquoise
ENSG00000238390,grey
ENSG00000241218,blue
ENSG00000103034,turquoise
ENSG00000164048,turquoise
ENSG00000197444,turquoise
ENSG00000107954,turquoise
ENSG00000160145,turquoise
ENSG00000183682,turquoise
ENSG00000196352,blue
ENSG00000259840,turquoise
ENSG00000308073,blue
ENSG00000196455,turquoise
ENSG00000167654,turquoise
ENSG00000250091,turquoise
ENSG00000155158,turquoise
ENSG00000255389,grey
ENSG00000115840,turquoise
ENSG00000144029,turquoise
ENSG00000132535,turquoise
ENSG00000128011,turquoise
ENSG00000265972,yellow
ENSG00000107872,turquoise
ENSG00000146701,turquoise
ENSG00000117020,turquoise
ENSG00000074603,turquoise
ENSG00000144115,grey
ENSG00000075624,turquoise
ENSG00000143119,red
ENSG00000279419,brown
ENSG00000234111,turquoise
ENSG00000244045,turquoise
ENSG00000229358,grey
ENSG00000167968,turquoise
ENSG00000135638,turquoise
ENSG00000235381,turquoise
ENSG00000152223,turquoise
ENSG00000087299,turquoise
ENSG00000278540,turquoise
ENSG00000180901,turquoise
ENSG00000160055,turquoise
ENSG00000181754,turquoise
ENSG00000151247,turquoise
ENSG00000211581,grey
ENSG00000160818,turquoise
ENSG00000169884,turquoise
ENSG00000072401,turquoise
ENSG00000295225,turquoise
ENSG00000073169,turquoise
ENSG00000172005,brown
ENSG00000294143,turquoise
ENSG00000149636,turquoise
ENSG00000006712,turquoise
ENSG00000075340,turquoise
ENSG00000100292,green
ENSG00000171388,grey
ENSG00000109339,turquoise
ENSG00000160255,red
ENSG00000213780,turquoise
ENSG00000145715,turquoise
ENSG00000059758,turquoise
ENSG00000119401,turquoise
ENSG00000143614,turquoise
ENSG00000160305,blue
ENSG00000293464,turquoise
ENSG00000044090,turquoise
ENSG00000144306,turquoise
ENSG00000151422,blue
ENSG00000163072,grey
ENSG00000261326,blue
ENSG00000163793,turquoise
ENSG00000200231,grey
ENSG00000139053,turquoise
ENSG00000119541,turquoise
ENSG00000197535,turquoise
ENSG00000163872,turquoise
ENSG00000181418,turquoise
ENSG00000232403,grey
ENSG00000148154,turquoise
ENSG00000223356,turquoise
ENSG00000143207,turquoise
ENSG00000119938,grey
ENSG00000272106,turquoise
ENSG00000177108,turquoise
ENSG00000276564,turquoise
ENSG00000088832,turquoise
ENSG00000254428,blue
ENSG00000135622,turquoise
ENSG00000131187,turquoise
ENSG00000128422,turquoise
ENSG00000280211,turquoise
ENSG00000189376,turquoise
ENSG00000279536,turquoise
ENSG00000077454,turquoise
ENSG00000175274,turquoise
ENSG00000231013,turquoise
ENSG00000171574,turquoise
ENSG00000171885,yellow
ENSG00000174446,turquoise
ENSG00000144655,grey
ENSG00000108963,turquoise
ENSG00000166435,turquoise
ENSG00000175166,turquoise
ENSG00000104998,turquoise
ENSG00000164970,turquoise
ENSG00000308061,turquoise
ENSG00000243147,turquoise
ENSG00000294008,turquoise
ENSG00000184378,grey
ENSG00000147465,turquoise
ENSG00000173598,turquoise
ENSG00000104164,turquoise
ENSG00000226352,blue
ENSG00000162694,turquoise
ENSG00000269124,yellow
ENSG00000130810,turquoise
ENSG00000122705,turquoise
ENSG00000184863,blue
ENSG00000288658,turquoise
ENSG00000149591,grey
ENSG00000082068,turquoise
ENSG00000251867,turquoise
ENSG00000048707,turquoise
ENSG00000252311,grey
ENSG00000157106,turquoise
ENSG00000084463,turquoise
ENSG00000170471,turquoise
ENSG00000188760,turquoise
ENSG00000082556,turquoise
ENSG00000302960,grey
ENSG00000184702,turquoise
ENSG00000101098,turquoise
ENSG00000280294,turquoise
ENSG00000196196,grey
ENSG00000100744,turquoise
ENSG00000139985,turquoise
ENSG00000227827,grey
ENSG00000140479,brown
ENSG00000278445,grey
ENSG00000253210,turquoise
ENSG00000168904,turquoise
ENSG00000294655,turquoise
ENSG00000251333,grey
ENSG00000158480,turquoise
ENSG00000213339,turquoise
ENSG00000268836,grey
ENSG00000132382,turquoise
ENSG00000175793,green
ENSG00000164114,turquoise
ENSG00000170989,yellow
ENSG00000152137,grey
ENSG00000178573,turquoise
ENSG00000139291,turquoise
ENSG00000198785,turquoise
ENSG00000188352,turquoise
ENSG00000255201,grey
ENSG00000129003,turquoise
ENSG00000178074,turquoise
ENSG00000174231,turquoise
ENSG00000271344,turquoise
ENSG00000050820,turquoise
ENSG00000294031,turquoise
ENSG00000174233,turquoise
ENSG00000109689,turquoise
ENSG00000126861,turquoise
ENSG00000091157,turquoise
ENSG00000215788,turquoise
ENSG00000252202,grey
ENSG00000288888,turquoise
ENSG00000105270,turquoise
ENSG00000101210,turquoise
ENSG00000289399,turquoise
ENSG00000204954,turquoise
ENSG00000242419,turquoise
ENSG00000225675,turquoise
ENSG00000166173,turquoise
ENSG00000104356,turquoise
ENSG00000179029,turquoise
ENSG00000138639,turquoise
ENSG00000156026,turquoise
ENSG00000162851,turquoise
ENSG00000105771,grey
ENSG00000289474,grey
ENSG00000131966,turquoise
ENSG00000149742,turquoise
ENSG00000249242,turquoise
ENSG00000007944,blue
ENSG00000151445,turquoise
ENSG00000126088,turquoise
ENSG00000160710,turquoise
ENSG00000198825,turquoise
ENSG00000140995,turquoise
ENSG00000168140,green
ENSG00000125166,turquoise
ENSG00000070081,turquoise
ENSG00000168061,turquoise
ENSG00000089472,yellow
ENSG00000120251,turquoise
ENSG00000110330,turquoise
ENSG00000100304,turquoise
ENSG00000010438,grey
ENSG00000233170,turquoise
ENSG00000215712,turquoise
ENSG00000138769,turquoise
ENSG00000300700,turquoise
ENSG00000102837,grey
ENSG00000154144,turquoise
ENSG00000232887,grey
ENSG00000124222,blue
ENSG00000100883,turquoise
ENSG00000186020,turquoise
ENSG00000250067,turquoise
ENSG00000167363,grey
ENSG00000132879,turquoise
ENSG00000199053,grey
ENSG00000154133,green
ENSG00000160445,turquoise
ENSG00000168918,red
ENSG00000180739,brown
ENSG00000272832,turquoise
ENSG00000109158,turquoise
ENSG00000144567,turquoise
ENSG00000198728,turquoise
ENSG00000273238,turquoise
ENSG00000164050,brown
ENSG00000131650,turquoise
ENSG00000178927,grey
ENSG00000269978,blue
ENSG00000160584,turquoise
ENSG00000140945,turquoise
ENSG00000226686,grey
ENSG00000260992,turquoise
ENSG00000289171,grey
ENSG00000072954,turquoise
ENSG00000157625,turquoise
ENSG00000110429,turquoise
ENSG00000166266,turquoise
ENSG00000177463,turquoise
ENSG00000289480,turquoise
ENSG00000267909,turquoise
ENSG00000100393,blue
ENSG00000197548,turquoise
ENSG00000258646,blue
ENSG00000229393,turquoise
ENSG00000237651,turquoise
ENSG00000168081,turquoise
ENSG00000151292,turquoise
ENSG00000125503,turquoise
ENSG00000179240,turquoise
ENSG00000135070,turquoise
ENSG00000049130,turquoise
ENSG00000116983,turquoise
ENSG00000196476,turquoise
ENSG00000255571,turquoise
ENSG00000198399,turquoise
ENSG00000268896,turquoise
ENSG00000272990,grey
ENSG00000164830,turquoise
ENSG00000126457,turquoise
ENSG00000236876,grey
ENSG00000156831,turquoise
ENSG00000059377,red
ENSG00000089199,turquoise
ENSG00000141560,turquoise
ENSG00000183655,turquoise
ENSG00000198146,turquoise
ENSG00000184557,green
ENSG00000177119,green
ENSG00000172340,yellow
ENSG00000165271,turquoise
ENSG00000163781,turquoise
ENSG00000213186,brown
ENSG00000109089,blue
ENSG00000177283,grey
ENSG00000261338,turquoise
ENSG00000103316,grey
ENSG00000107758,turquoise
ENSG00000106460,turquoise
ENSG00000137309,turquoise
ENSG00000037897,turquoise
ENSG00000167996,grey
ENSG00000165102,turquoise
ENSG00000100938,turquoise
ENSG00000181631,red
ENSG00000127838,turquoise
ENSG00000150760,brown
ENSG00000197714,grey
ENSG00000308813,grey
ENSG00000115085,grey
ENSG00000290088,turquoise
ENSG00000227615,grey
ENSG00000132600,turquoise
ENSG00000140678,red
ENSG00000134317,turquoise
ENSG00000115507,yellow
ENSG00000239306,turquoise
ENSG00000183248,turquoise
ENSG00000125304,turquoise
ENSG00000243449,pink
ENSG00000162409,turquoise
ENSG00000204653,turquoise
ENSG00000112062,turquoise
ENSG00000130032,turquoise
ENSG00000115839,turquoise
ENSG00000166135,turquoise
ENSG00000227582,grey
ENSG00000105974,grey
ENSG00000261786,turquoise
ENSG00000135643,turquoise
ENSG00000084234,turquoise
ENSG00000149809,turquoise
ENSG00000119922,brown
ENSG00000172216,grey
ENSG00000082641,turquoise
ENSG00000165272,grey
ENSG00000161813,turquoise
ENSG00000072134,blue
ENSG00000273604,turquoise
ENSG00000180488,turquoise
ENSG00000101846,turquoise
ENSG00000151150,turquoise
ENSG00000174442,turquoise
ENSG00000163655,turquoise
ENSG00000291081,turquoise
ENSG00000260118,grey
ENSG00000065491,turquoise
ENSG00000137842,turquoise
ENSG00000111961,black
ENSG00000115275,turquoise
ENSG00000149798,blue
ENSG00000307150,brown
ENSG00000298824,turquoise
ENSG00000177432,turquoise
ENSG00000106565,yellow
ENSG00000263033,grey
ENSG00000067715,turquoise
ENSG00000099282,brown
ENSG00000138964,red
ENSG00000166886,turquoise
ENSG00000101180,turquoise
ENSG00000267340,grey
ENSG00000184441,turquoise
ENSG00000258366,turquoise
ENSG00000270728,blue
ENSG00000013275,turquoise
ENSG00000101443,turquoise
ENSG00000188573,grey
ENSG00000114805,turquoise
ENSG00000087074,grey
ENSG00000100522,turquoise
ENSG00000170745,turquoise
ENSG00000164187,turquoise
ENSG00000164181,green
ENSG00000112759,turquoise
ENSG00000125772,turquoise
ENSG00000168032,turquoise
ENSG00000188820,grey
ENSG00000090539,turquoise
ENSG00000129484,turquoise
ENSG00000182450,turquoise
ENSG00000272950,grey
ENSG00000075945,turquoise
ENSG00000154146,turquoise
ENSG00000067836,turquoise
ENSG00000105989,turquoise
ENSG00000159023,turquoise
ENSG00000112339,turquoise
ENSG00000180720,turquoise
ENSG00000279520,turquoise
ENSG00000160741,blue
ENSG00000069702,yellow
ENSG00000079482,black
ENSG00000213640,turquoise
ENSG00000173227,turquoise
ENSG00000289913,blue
ENSG00000167074,turquoise
ENSG00000284024,turquoise
ENSG00000143819,yellow
ENSG00000109466,turquoise
ENSG00000147123,turquoise
ENSG00000183474,blue
ENSG00000016391,yellow
ENSG00000112578,turquoise
ENSG00000174652,blue
ENSG00000160813,grey
ENSG00000214029,turquoise
ENSG00000112514,turquoise
ENSG00000128285,turquoise
ENSG00000130226,turquoise
ENSG00000158859,brown
ENSG00000139826,turquoise
ENSG00000175395,turquoise
ENSG00000114480,turquoise
ENSG00000279225,grey
ENSG00000165929,turquoise
ENSG00000140459,yellow
ENSG00000180044,turquoise
ENSG00000104361,turquoise
ENSG00000141756,yellow
ENSG00000124374,brown
ENSG00000262655,yellow
ENSG00000222011,turquoise
ENSG00000022355,turquoise
ENSG00000154889,turquoise
ENSG00000132334,turquoise
ENSG00000303847,blue
ENSG00000134057,turquoise
ENSG00000169228,grey
ENSG00000291137,turquoise
ENSG00000182492,grey
ENSG00000145916,turquoise
ENSG00000140022,yellow
ENSG00000135750,turquoise
ENSG00000125746,turquoise
ENSG00000143324,turquoise
ENSG00000103154,turquoise
ENSG00000075618,turquoise
ENSG00000167280,turquoise
ENSG00000095002,turquoise
ENSG00000230325,turquoise
ENSG00000196581,turquoise
ENSG00000226245,blue
ENSG00000198663,turquoise
ENSG00000148798,turquoise
ENSG00000135631,turquoise
ENSG00000297505,grey
ENSG00000114790,yellow
ENSG00000228543,grey
ENSG00000143320,turquoise
ENSG00000289222,turquoise
ENSG00000297388,turquoise
ENSG00000095139,turquoise
ENSG00000111300,turquoise
ENSG00000171914,turquoise
ENSG00000119285,blue
ENSG00000261542,turquoise
ENSG00000185615,turquoise
ENSG00000138036,turquoise
ENSG00000154930,yellow
ENSG00000176956,grey
ENSG00000185513,turquoise
ENSG00000261416,turquoise
ENSG00000129437,turquoise
ENSG00000125810,green
ENSG00000171223,grey
ENSG00000126705,turquoise
ENSG00000160959,turquoise
ENSG00000124145,yellow
ENSG00000198574,turquoise
ENSG00000196961,turquoise
ENSG00000074590,turquoise
ENSG00000110888,turquoise
ENSG00000276093,grey
ENSG00000170871,turquoise
ENSG00000100442,turquoise
ENSG00000121691,yellow
ENSG00000161558,turquoise
ENSG00000237973,grey
ENSG00000164062,turquoise
ENSG00000105246,red
ENSG00000013364,grey
ENSG00000164761,yellow
ENSG00000078246,yellow
ENSG00000136869,yellow
ENSG00000173611,turquoise
ENSG00000256982,turquoise
ENSG00000243667,turquoise
ENSG00000104320,turquoise
ENSG00000178175,grey
ENSG00000162188,turquoise
ENSG00000122873,turquoise
ENSG00000149256,turquoise
ENSG00000116120,turquoise
ENSG00000198720,turquoise
ENSG00000168005,grey
ENSG00000288802,turquoise
ENSG00000105325,grey
ENSG00000144647,turquoise
ENSG00000177570,turquoise
ENSG00000258636,turquoise
ENSG00000303826,turquoise
ENSG00000282022,turquoise
ENSG00000290720,turquoise
ENSG00000122965,turquoise
ENSG00000115594,green
ENSG00000163956,turquoise
ENSG00000277568,grey
ENSG00000176907,turquoise
ENSG00000075568,turquoise
ENSG00000278060,grey
ENSG00000135063,yellow
ENSG00000113161,turquoise
ENSG00000170248,turquoise
ENSG00000143641,turquoise
ENSG00000248540,turquoise
ENSG00000001630,turquoise
ENSG00000145214,turquoise
ENSG00000139292,brown
ENSG00000149761,turquoise
ENSG00000259153,turquoise
ENSG00000116194,grey
ENSG00000064218,grey
ENSG00000132716,turquoise
ENSG00000171103,turquoise
ENSG00000124535,turquoise
ENSG00000118200,turquoise
ENSG00000200879,grey
ENSG00000226179,grey
ENSG00000199023,grey
ENSG00000171988,turquoise
ENSG00000112038,turquoise
ENSG00000168906,blue
ENSG00000173660,turquoise
ENSG00000065000,turquoise
ENSG00000260630,turquoise
ENSG00000115504,turquoise
ENSG00000253352,blue
ENSG00000008311,brown
ENSG00000267707,turquoise
ENSG00000289438,turquoise
ENSG00000182771,turquoise
ENSG00000163995,turquoise
ENSG00000293529,grey
ENSG00000090686,turquoise
ENSG00000105699,grey
ENSG00000272123,turquoise
ENSG00000169021,turquoise
ENSG00000272573,grey
ENSG00000113595,turquoise
ENSG00000273137,blue
ENSG00000231754,turquoise
ENSG00000240771,grey
ENSG00000117477,turquoise
ENSG00000144407,turquoise
ENSG00000092051,turquoise
ENSG00000171680,turquoise
ENSG00000254270,turquoise
ENSG00000154764,turquoise
ENSG00000206674,grey
ENSG00000254585,turquoise
ENSG00000100934,turquoise
ENSG00000168453,turquoise
ENSG00000291105,green
ENSG00000155926,red
ENSG00000253764,grey
ENSG00000226564,magenta
ENSG00000165813,turquoise
ENSG00000100228,turquoise
ENSG00000137055,turquoise
ENSG00000124422,turquoise
ENSG00000114812,turquoise
ENSG00000146386,turquoise
ENSG00000276538,grey
ENSG00000178796,turquoise
ENSG00000138685,yellow
ENSG00000139514,turquoise
ENSG00000198794,turquoise
ENSG00000124228,turquoise
ENSG00000273321,grey
ENSG00000163938,turquoise
ENSG00000276603,turquoise
ENSG00000169635,turquoise
ENSG00000101298,turquoise
ENSG00000197417,blue
ENSG00000127483,turquoise
ENSG00000272744,grey
ENSG00000197024,turquoise
ENSG00000088808,turquoise
ENSG00000271533,turquoise
ENSG00000155008,turquoise
ENSG00000170370,yellow
ENSG00000272886,turquoise
ENSG00000138778,turquoise
ENSG00000298502,turquoise
ENSG00000090905,turquoise
ENSG00000184371,yellow
ENSG00000184867,turquoise
ENSG00000196460,turquoise
ENSG00000129538,brown
ENSG00000198836,turquoise
ENSG00000135506,turquoise
ENSG00000199785,turquoise
ENSG00000151498,turquoise
ENSG00000133316,turquoise
ENSG00000155367,turquoise
ENSG00000215475,turquoise
ENSG00000135341,turquoise
ENSG00000204525,grey
ENSG00000277734,grey
ENSG00000277363,turquoise
ENSG00000283438,turquoise
ENSG00000183696,turquoise
ENSG00000115525,turquoise
ENSG00000179104,brown
ENSG00000100207,turquoise
ENSG00000247095,grey
ENSG00000159202,turquoise
ENSG00000304332,grey
ENSG00000148606,turquoise
ENSG00000178988,turquoise
ENSG00000216921,grey
ENSG00000167085,turquoise
ENSG00000198744,grey
ENSG00000269694,black
ENSG00000085733,turquoise
ENSG00000122863,yellow
ENSG00000185883,turquoise
ENSG00000166676,turquoise
ENSG00000188338,grey
ENSG00000153443,turquoise
ENSG00000143013,turquoise
ENSG00000106852,turquoise
ENSG00000168758,turquoise
ENSG00000115935,brown
ENSG00000113552,turquoise
ENSG00000102547,turquoise
ENSG00000124006,turquoise
ENSG00000305421,turquoise
ENSG00000301478,grey
ENSG00000273493,grey
ENSG00000188343,turquoise
ENSG00000182362,grey
ENSG00000067221,turquoise
ENSG00000212283,grey
ENSG00000140067,yellow
ENSG00000210049,grey
ENSG00000157064,turquoise
ENSG00000103266,turquoise
ENSG00000112972,turquoise
ENSG00000185933,turquoise
ENSG00000125089,red
ENSG00000144476,yellow
ENSG00000205869,turquoise
ENSG00000115561,turquoise
ENSG00000171435,turquoise
ENSG00000291106,turquoise
ENSG00000159445,turquoise
ENSG00000204060,turquoise
ENSG00000279989,blue
ENSG00000185668,turquoise
ENSG00000167987,turquoise
ENSG00000157833,grey
ENSG00000176444,blue
ENSG00000088205,turquoise
ENSG00000131711,turquoise
ENSG00000240441,turquoise
ENSG00000185359,turquoise
ENSG00000113734,turquoise
ENSG00000290117,turquoise
ENSG00000132286,turquoise
ENSG00000307823,turquoise
ENSG00000140521,turquoise
ENSG00000105355,yellow
ENSG00000228492,blue
ENSG00000270170,turquoise
ENSG00000198948,black
ENSG00000263753,blue
ENSG00000229786,grey
ENSG00000273230,turquoise
ENSG00000230852,turquoise
ENSG00000250722,brown
ENSG00000163815,grey
ENSG00000180817,turquoise
ENSG00000141424,turquoise
ENSG00000262576,black
ENSG00000159335,turquoise
ENSG00000157152,turquoise
ENSG00000153774,turquoise
ENSG00000013297,brown
ENSG00000013441,blue
ENSG00000106125,turquoise
ENSG00000146469,turquoise
ENSG00000142675,turquoise
ENSG00000196227,turquoise
ENSG00000185305,turquoise
ENSG00000303989,grey
ENSG00000106211,grey
ENSG00000237190,turquoise
ENSG00000293237,turquoise
ENSG00000261594,turquoise
ENSG00000148737,black
ENSG00000151240,turquoise
ENSG00000119411,turquoise
ENSG00000223812,turquoise
ENSG00000143942,turquoise
ENSG00000118263,turquoise
ENSG00000129657,black
ENSG00000113732,yellow
ENSG00000106105,turquoise
ENSG00000170456,turquoise
ENSG00000135898,turquoise
ENSG00000182095,turquoise
ENSG00000258908,grey
ENSG00000105255,grey
ENSG00000187672,turquoise
ENSG00000065609,turquoise
ENSG00000188690,turquoise
ENSG00000276261,grey
ENSG00000099949,turquoise
ENSG00000080819,blue
ENSG00000259577,turquoise
ENSG00000095370,turquoise
ENSG00000286808,blue
ENSG00000144410,turquoise
ENSG00000170419,turquoise
ENSG00000221823,turquoise
ENSG00000272597,blue
ENSG00000261167,turquoise
ENSG00000137331,green
ENSG00000134262,turquoise
ENSG00000074935,blue
ENSG00000105880,turquoise
ENSG00000160221,grey
ENSG00000277182,turquoise
ENSG00000125864,turquoise
ENSG00000101084,turquoise
ENSG00000141013,turquoise
ENSG00000138134,turquoise
ENSG00000134873,yellow
ENSG00000154065,turquoise
ENSG00000258986,grey
ENSG00000103056,turquoise
ENSG00000156050,turquoise
ENSG00000111731,turquoise
ENSG00000244462,turquoise
ENSG00000288983,turquoise
ENSG00000136237,turquoise
ENSG00000163904,turquoise
ENSG00000186111,turquoise
ENSG00000302013,turquoise
ENSG00000156931,turquoise
ENSG00000125449,turquoise
ENSG00000234608,turquoise
ENSG00000014824,turquoise
ENSG00000171634,blue
ENSG00000196497,turquoise
ENSG00000148090,turquoise
ENSG00000185070,turquoise
ENSG00000131943,turquoise
ENSG00000198830,black
ENSG00000186567,turquoise
ENSG00000100804,turquoise
ENSG00000253368,turquoise
ENSG00000101639,turquoise
ENSG00000248866,turquoise
ENSG00000141298,turquoise
ENSG00000076003,turquoise
ENSG00000180376,blue
ENSG00000103356,turquoise
ENSG00000128268,turquoise
ENSG00000167792,turquoise
ENSG00000205560,turquoise
ENSG00000169764,turquoise
ENSG00000182916,turquoise
ENSG00000128989,turquoise
ENSG00000138459,turquoise
ENSG00000229847,yellow
ENSG00000234719,grey
ENSG00000289095,turquoise
ENSG00000163214,turquoise
ENSG00000065923,turquoise
ENSG00000158161,turquoise
ENSG00000204172,grey
ENSG00000183307,grey
ENSG00000161203,turquoise
ENSG00000104899,grey
ENSG00000170381,turquoise
ENSG00000112305,turquoise
ENSG00000186868,turquoise
ENSG00000135929,brown
ENSG00000073969,turquoise
ENSG00000223573,turquoise
ENSG00000165233,turquoise
ENSG00000138028,turquoise
ENSG00000228794,turquoise
ENSG00000181830,turquoise
ENSG00000173692,turquoise
ENSG00000104805,turquoise
ENSG00000301639,turquoise
ENSG00000118777,grey
ENSG00000224975,blue
ENSG00000297827,turquoise
ENSG00000269815,turquoise
ENSG00000187535,turquoise
ENSG00000083720,turquoise
ENSG00000104517,blue
ENSG00000269210,turquoise
ENSG00000173210,turquoise
ENSG00000125522,turquoise
ENSG00000289047,turquoise
ENSG00000170558,turquoise
ENSG00000231187,turquoise
ENSG00000103569,turquoise
ENSG00000303915,blue
ENSG00000100300,yellow
ENSG00000196230,turquoise
ENSG00000276282,turquoise
ENSG00000279267,turquoise
ENSG00000124613,turquoise
ENSG00000176974,grey
ENSG00000159363,turquoise
ENSG00000172943,blue
ENSG00000143409,brown
ENSG00000151006,turquoise
ENSG00000151883,turquoise
ENSG00000044524,turquoise
ENSG00000119314,turquoise
ENSG00000100591,turquoise
ENSG00000116221,turquoise
ENSG00000163630,turquoise
ENSG00000167613,red
ENSG00000137216,turquoise
ENSG00000129226,red
ENSG00000289942,grey
ENSG00000121716,turquoise
ENSG00000145087,turquoise
ENSG00000299185,turquoise
ENSG00000230805,turquoise
ENSG00000134072,turquoise
ENSG00000065154,turquoise
ENSG00000123352,turquoise
ENSG00000164588,turquoise
ENSG00000111863,turquoise
ENSG00000210174,grey
ENSG00000043355,yellow
ENSG00000262372,grey
ENSG00000288011,blue
ENSG00000122218,turquoise
ENSG00000253047,grey
ENSG00000095485,turquoise
ENSG00000136051,black
ENSG00000272720,blue
ENSG00000262246,turquoise
ENSG00000167114,turquoise
ENSG00000163913,turquoise
ENSG00000185722,blue
ENSG00000145428,turquoise
ENSG00000267454,turquoise
ENSG00000179761,yellow
ENSG00000160439,turquoise
ENSG00000144895,turquoise
ENSG00000101276,grey
ENSG00000173041,black
ENSG00000197442,black
ENSG00000125741,turquoise
ENSG00000200714,grey
ENSG00000064999,turquoise
ENSG00000170365,black
ENSG00000160460,turquoise
ENSG00000113240,blue
ENSG00000309924,turquoise
ENSG00000157087,turquoise
ENSG00000102385,turquoise
ENSG00000164032,turquoise
ENSG00000128283,brown
ENSG00000130147,brown
ENSG00000167994,red
ENSG00000261114,grey
ENSG00000078668,turquoise
ENSG00000158869,red
ENSG00000181409,blue
ENSG00000163013,turquoise
ENSG00000176971,yellow
ENSG00000171604,turquoise
ENSG00000123560,brown
ENSG00000230777,grey
ENSG00000183049,turquoise
ENSG00000071539,turquoise
ENSG00000151729,turquoise
ENSG00000145782,turquoise
ENSG00000290615,blue
ENSG00000148396,turquoise
ENSG00000254783,turquoise
ENSG00000131378,turquoise
ENSG00000298149,grey
ENSG00000196151,turquoise
ENSG00000136444,turquoise
ENSG00000142910,grey
ENSG00000087086,yellow
ENSG00000225439,turquoise
ENSG00000006744,turquoise
ENSG00000135744,yellow
ENSG00000108840,turquoise
ENSG00000186907,turquoise
ENSG00000139278,turquoise
ENSG00000159189,red
ENSG00000308063,turquoise
ENSG00000170011,turquoise
ENSG00000226318,turquoise
ENSG00000141968,red
ENSG00000119599,turquoise
ENSG00000132423,turquoise
ENSG00000180104,turquoise
ENSG00000121769,turquoise
ENSG00000127423,turquoise
ENSG00000154914,turquoise
ENSG00000086712,turquoise
ENSG00000108528,turquoise
ENSG00000188419,turquoise
ENSG00000144596,turquoise
ENSG00000228126,turquoise
ENSG00000284703,turquoise
ENSG00000163527,turquoise
ENSG00000111684,blue
ENSG00000111674,turquoise
ENSG00000259685,yellow
ENSG00000141639,black
ENSG00000206561,turquoise
ENSG00000182327,pink
ENSG00000196262,turquoise
ENSG00000287538,turquoise
ENSG00000146453,turquoise
ENSG00000286555,blue
ENSG00000128340,red
ENSG00000100271,turquoise
ENSG00000266145,turquoise
ENSG00000249456,grey
ENSG00000107331,blue
ENSG00000004660,turquoise
ENSG00000114554,turquoise
ENSG00000128254,turquoise
ENSG00000255717,grey
ENSG00000254681,turquoise
ENSG00000167674,grey
ENSG00000132436,turquoise
ENSG00000301479,grey
ENSG00000293107,turquoise
ENSG00000108381,brown
ENSG00000197312,turquoise
ENSG00000138073,turquoise
ENSG00000260296,turquoise
ENSG00000139767,turquoise
ENSG00000275413,turquoise
ENSG00000181852,turquoise
ENSG00000160051,turquoise
ENSG00000112473,turquoise
ENSG00000118276,turquoise
ENSG00000106261,blue
ENSG00000135426,turquoise
ENSG00000105245,turquoise
ENSG00000163945,blue
ENSG00000179698,turquoise
ENSG00000111052,turquoise
ENSG00000181004,turquoise
ENSG00000162373,turquoise
ENSG00000197785,grey
ENSG00000100299,turquoise
ENSG00000259081,turquoise
ENSG00000286009,grey
ENSG00000198919,turquoise
ENSG00000128609,turquoise
ENSG00000278864,turquoise
ENSG00000137338,turquoise
ENSG00000184515,grey
ENSG00000201098,grey
ENSG00000076555,yellow
ENSG00000256196,turquoise
ENSG00000218426,magenta
ENSG00000169641,turquoise
ENSG00000136098,brown
ENSG00000142082,turquoise
ENSG00000136986,turquoise
ENSG00000176840,turquoise
ENSG00000110851,turquoise
ENSG00000204899,turquoise
ENSG00000146021,turquoise
ENSG00000075043,turquoise
ENSG00000111144,turquoise
ENSG00000272420,turquoise
ENSG00000213066,turquoise
ENSG00000293945,turquoise
ENSG00000179542,turquoise
ENSG00000198963,turquoise
ENSG00000274353,grey
ENSG00000136925,blue
ENSG00000017260,turquoise
ENSG00000224389,green
ENSG00000227188,turquoise
ENSG00000145198,turquoise
ENSG00000104756,turquoise
ENSG00000101945,turquoise
ENSG00000106236,turquoise
ENSG00000306972,grey
ENSG00000099957,turquoise
ENSG00000159899,turquoise
ENSG00000276644,turquoise
ENSG00000128829,turquoise
ENSG00000302532,turquoise
ENSG00000111885,turquoise
ENSG00000188747,turquoise
ENSG00000181350,turquoise
ENSG00000174996,turquoise
ENSG00000105649,turquoise
ENSG00000300875,grey
ENSG00000278619,turquoise
ENSG00000185924,turquoise
ENSG00000074054,turquoise
ENSG00000156011,turquoise
ENSG00000272733,grey
ENSG00000279453,turquoise
ENSG00000079950,turquoise
ENSG00000140157,turquoise
ENSG00000196639,turquoise
ENSG00000148824,turquoise
ENSG00000039650,grey
ENSG00000169213,turquoise
ENSG00000113441,turquoise
ENSG00000148334,turquoise
ENSG00000124496,turquoise
ENSG00000162989,turquoise
ENSG00000147655,turquoise
ENSG00000125971,turquoise
ENSG00000143537,blue
ENSG00000293209,grey
ENSG00000122882,turquoise
ENSG00000198466,turquoise
ENSG00000290425,grey
ENSG00000286705,turquoise
ENSG00000079215,yellow
ENSG00000141384,turquoise
ENSG00000147246,turquoise
ENSG00000078725,turquoise
ENSG00000253683,grey
ENSG00000158748,turquoise
ENSG00000137392,grey
ENSG00000289279,brown
ENSG00000151552,blue
ENSG00000272501,turquoise
ENSG00000153982,turquoise
ENSG00000111801,turquoise
ENSG00000139574,grey
ENSG00000244425,turquoise
ENSG00000147852,turquoise
ENSG00000182580,turquoise
ENSG00000068796,turquoise
ENSG00000270587,turquoise
ENSG00000114395,turquoise
ENSG00000187764,brown
ENSG00000214026,grey
ENSG00000080503,turquoise
ENSG00000100478,turquoise
ENSG00000131725,turquoise
ENSG00000181072,turquoise
ENSG00000157851,turquoise
ENSG00000132718,turquoise
ENSG00000182168,blue
ENSG00000136448,turquoise
ENSG00000142252,turquoise
ENSG00000210184,grey
ENSG00000198218,turquoise
ENSG00000009694,turquoise
ENSG00000100055,red
ENSG00000091483,turquoise
ENSG00000112799,red
ENSG00000277290,turquoise
ENSG00000255916,turquoise
ENSG00000183401,blue
ENSG00000143801,turquoise
ENSG00000124659,turquoise
ENSG00000174791,grey
ENSG00000265179,turquoise
ENSG00000105737,turquoise
ENSG00000260166,turquoise
ENSG00000293514,turquoise
ENSG00000135956,turquoise
ENSG00000141101,turquoise
ENSG00000164244,black
ENSG00000265313,turquoise
ENSG00000081138,turquoise
ENSG00000084112,turquoise
ENSG00000109047,grey
ENSG00000168481,turquoise
ENSG00000134255,turquoise
ENSG00000134222,turquoise
ENSG00000255920,turquoise
ENSG00000073921,turquoise
ENSG00000101438,turquoise
ENSG00000025708,red
ENSG00000169439,yellow
ENSG00000104442,turquoise
ENSG00000102878,turquoise
ENSG00000197580,turquoise
ENSG00000065717,turquoise
ENSG00000181408,turquoise
ENSG00000177943,turquoise
ENSG00000202337,grey
ENSG00000242479,blue
ENSG00000102931,turquoise
ENSG00000278195,turquoise
ENSG00000232098,turquoise
ENSG00000183255,yellow
ENSG00000092068,turquoise
ENSG00000177511,turquoise
ENSG00000135931,turquoise
ENSG00000146826,turquoise
ENSG00000101307,grey
ENSG00000295864,turquoise
ENSG00000247077,turquoise
ENSG00000105376,turquoise
ENSG00000173221,turquoise
ENSG00000167972,turquoise
ENSG00000208772,turquoise
ENSG00000278769,turquoise
ENSG00000124713,grey
ENSG00000145020,turquoise
ENSG00000088836,grey
ENSG00000196353,turquoise
ENSG00000189275,turquoise
ENSG00000105647,turquoise
ENSG00000069020,turquoise
ENSG00000048540,turquoise
ENSG00000266524,turquoise
ENSG00000007202,turquoise
ENSG00000169116,turquoise
ENSG00000101850,yellow
ENSG00000183775,turquoise
ENSG00000069482,grey
ENSG00000278971,turquoise
ENSG00000122335,turquoise
ENSG00000283183,turquoise
ENSG00000107959,turquoise
ENSG00000122254,turquoise
ENSG00000177963,turquoise
ENSG00000137497,blue
ENSG00000115286,turquoise
ENSG00000127586,turquoise
ENSG00000115548,turquoise
ENSG00000188636,turquoise
ENSG00000100197,turquoise
ENSG00000135317,turquoise
ENSG00000126264,red
ENSG00000095970,red
ENSG00000256576,turquoise
ENSG00000074317,grey
ENSG00000197603,turquoise
ENSG00000165572,turquoise
ENSG00000276148,brown
ENSG00000089057,turquoise
ENSG00000172273,turquoise
ENSG00000283498,grey
ENSG00000211445,turquoise
ENSG00000090316,turquoise
ENSG00000142178,grey
ENSG00000155666,turquoise
ENSG00000172500,turquoise
ENSG00000169860,yellow
ENSG00000205274,grey
ENSG00000177045,yellow
ENSG00000104835,turquoise
ENSG00000144320,turquoise
ENSG00000159251,turquoise
ENSG00000267612,turquoise
ENSG00000151414,brown
ENSG00000172006,turquoise
ENSG00000164129,turquoise
ENSG00000174243,turquoise
ENSG00000159713,brown
ENSG00000198863,turquoise
ENSG00000105419,grey
ENSG00000262296,turquoise
ENSG00000261236,turquoise
ENSG00000224888,turquoise
ENSG00000130522,pink
ENSG00000004975,blue
ENSG00000068078,yellow
ENSG00000014123,black
ENSG00000102096,turquoise
ENSG00000085719,black
ENSG00000173898,turquoise
ENSG00000154710,turquoise
ENSG00000181790,turquoise
ENSG00000289009,turquoise
ENSG00000133895,turquoise
ENSG00000138100,turquoise
ENSG00000113327,turquoise
ENSG00000138760,turquoise
ENSG00000101350,turquoise
ENSG00000141503,turquoise
ENSG00000136478,blue
ENSG00000129990,grey
ENSG00000161896,brown
ENSG00000244038,turquoise
ENSG00000118898,turquoise
ENSG00000197892,brown
ENSG00000231764,turquoise
ENSG00000213760,turquoise
ENSG00000107864,turquoise
ENSG00000177666,turquoise
ENSG00000075826,turquoise
ENSG00000173531,blue
ENSG00000263345,turquoise
ENSG00000115226,turquoise
ENSG00000164591,turquoise
ENSG00000154917,turquoise
ENSG00000177181,turquoise
ENSG00000200090,grey
ENSG00000162929,turquoise
ENSG00000164542,turquoise
ENSG00000124733,turquoise
ENSG00000158555,turquoise
ENSG00000259065,grey
ENSG00000152954,turquoise
ENSG00000135045,turquoise
ENSG00000214595,turquoise
ENSG00000084070,turquoise
ENSG00000228510,brown
ENSG00000157985,turquoise
ENSG00000285561,turquoise
ENSG00000130402,turquoise
ENSG00000174938,grey
ENSG00000153823,turquoise
ENSG00000047932,turquoise
ENSG00000105063,turquoise
ENSG00000198301,turquoise
ENSG00000177453,turquoise
ENSG00000291099,turquoise
ENSG00000133800,red
ENSG00000119682,turquoise
ENSG00000197905,green
ENSG00000293060,grey
ENSG00000179958,turquoise
ENSG00000113971,blue
ENSG00000109906,turquoise
ENSG00000244558,turquoise
ENSG00000174514,turquoise
ENSG00000100722,turquoise
ENSG00000160256,turquoise
ENSG00000238795,blue
ENSG00000055130,turquoise
ENSG00000126709,turquoise
ENSG00000071967,yellow
ENSG00000144426,black
ENSG00000210191,grey
ENSG00000140488,turquoise
ENSG00000277159,turquoise
ENSG00000093000,turquoise
ENSG00000006118,turquoise
ENSG00000121742,yellow
ENSG00000232859,turquoise
ENSG00000076706,brown
ENSG00000172183,green
ENSG00000078369,turquoise
ENSG00000156411,turquoise
ENSG00000225774,grey
ENSG00000170855,turquoise
ENSG00000226085,pink
ENSG00000279789,blue
ENSG00000163288,black
ENSG00000014914,blue
ENSG00000253596,turquoise
ENSG00000124191,turquoise
ENSG00000117594,blue
ENSG00000238832,grey
ENSG00000065809,brown
ENSG00000005249,turquoise
ENSG00000185669,turquoise
ENSG00000151025,turquoise
ENSG00000135249,turquoise
ENSG00000176014,green
ENSG00000108797,turquoise
ENSG00000165606,turquoise
ENSG00000113360,turquoise
ENSG00000100906,green
ENSG00000166793,turquoise
ENSG00000077348,turquoise
ENSG00000113387,turquoise
ENSG00000198846,turquoise
ENSG00000254377,turquoise
ENSG00000103742,black
ENSG00000146833,black
ENSG00000163644,turquoise
ENSG00000118454,turquoise
ENSG00000214113,turquoise
ENSG00000213411,grey
ENSG00000081760,turquoise
ENSG00000172301,turquoise
ENSG00000198835,blue
ENSG00000105887,turquoise
ENSG00000289306,turquoise
ENSG00000106723,turquoise
ENSG00000140259,turquoise
ENSG00000161542,turquoise
ENSG00000263990,turquoise
ENSG00000280193,turquoise
ENSG00000150594,turquoise
ENSG00000097046,turquoise
ENSG00000103479,blue
ENSG00000284458,turquoise
ENSG00000273032,turquoise
ENSG00000178188,turquoise
ENSG00000300114,blue
ENSG00000102144,turquoise
ENSG00000067248,turquoise
ENSG00000102452,turquoise
ENSG00000135821,yellow
ENSG00000129250,brown
ENSG00000071859,turquoise
ENSG00000150093,brown
ENSG00000125445,turquoise
ENSG00000130876,grey
ENSG00000163686,turquoise
ENSG00000181619,turquoise
ENSG00000171291,turquoise
ENSG00000153827,turquoise
ENSG00000131437,turquoise
ENSG00000180611,turquoise
ENSG00000162374,turquoise
ENSG00000138111,turquoise
ENSG00000143632,grey
ENSG00000288845,turquoise
ENSG00000156261,turquoise
ENSG00000142408,turquoise
ENSG00000170632,turquoise
ENSG00000215769,turquoise
ENSG00000225138,turquoise
ENSG00000291033,grey
ENSG00000124107,grey
ENSG00000154734,green
ENSG00000166147,turquoise
ENSG00000115380,yellow
ENSG00000101336,red
ENSG00000115523,grey
ENSG00000272398,turquoise
ENSG00000213654,red
ENSG00000127993,turquoise
ENSG00000168993,turquoise
ENSG00000001631,turquoise
ENSG00000162496,grey
ENSG00000188827,turquoise
ENSG00000204574,turquoise
ENSG00000177575,red
ENSG00000008128,turquoise
ENSG00000172350,turquoise
ENSG00000118690,turquoise
ENSG00000196510,turquoise
ENSG00000240731,blue
ENSG00000186675,turquoise
ENSG00000131558,turquoise
ENSG00000172728,yellow
ENSG00000299077,turquoise
ENSG00000161921,red
ENSG00000184939,turquoise
ENSG00000057593,turquoise
ENSG00000051382,turquoise
ENSG00000129084,turquoise
ENSG00000285599,blue
ENSG00000233820,turquoise
ENSG00000172575,turquoise
ENSG00000154174,turquoise
ENSG00000145362,turquoise
ENSG00000148229,turquoise
ENSG00000158882,turquoise
ENSG00000163798,turquoise
ENSG00000110076,turquoise
ENSG00000129559,turquoise
ENSG00000164116,turquoise
ENSG00000184831,turquoise
ENSG00000177034,turquoise
ENSG00000109189,turquoise
ENSG00000042493,yellow
ENSG00000174145,turquoise
ENSG00000170542,black
ENSG00000010165,turquoise
ENSG00000185432,yellow
ENSG00000021645,turquoise
ENSG00000106366,green
ENSG00000163704,turquoise
ENSG00000212443,grey
ENSG00000130775,blue
ENSG00000188483,turquoise
ENSG00000276691,grey
ENSG00000198216,turquoise
ENSG00000306014,turquoise
ENSG00000118058,turquoise
ENSG00000249577,grey
ENSG00000129244,yellow
ENSG00000167861,turquoise
ENSG00000113580,turquoise
ENSG00000197815,blue
ENSG00000104093,turquoise
ENSG00000298285,turquoise
ENSG00000163577,turquoise
ENSG00000078808,turquoise
ENSG00000185274,turquoise
ENSG00000164733,turquoise
ENSG00000180875,turquoise
ENSG00000158792,grey
ENSG00000166592,grey
ENSG00000133265,turquoise
ENSG00000253738,turquoise
ENSG00000121749,turquoise
ENSG00000110321,turquoise
ENSG00000157978,brown
ENSG00000049246,blue
ENSG00000164951,turquoise
ENSG00000185272,turquoise
ENSG00000133878,turquoise
ENSG00000186081,grey
ENSG00000179331,turquoise
ENSG00000170027,turquoise
ENSG00000119227,turquoise
ENSG00000004399,turquoise
ENSG00000172795,turquoise
ENSG00000231133,turquoise
ENSG00000148541,turquoise
ENSG00000146242,turquoise
ENSG00000156140,turquoise
ENSG00000218283,turquoise
ENSG00000184164,turquoise
ENSG00000005381,turquoise
ENSG00000242372,turquoise
ENSG00000213413,blue
ENSG00000154027,turquoise
ENSG00000104870,yellow
ENSG00000235314,turquoise
ENSG00000111404,grey
ENSG00000199293,turquoise
ENSG00000105520,turquoise
ENSG00000248455,turquoise
ENSG00000198276,turquoise
ENSG00000303521,turquoise
ENSG00000115875,turquoise
ENSG00000135245,green
ENSG00000101439,yellow
ENSG00000215105,turquoise
ENSG00000271474,blue
ENSG00000197122,turquoise
ENSG00000167779,turquoise
ENSG00000205041,blue
ENSG00000166123,yellow
ENSG00000205358,grey
ENSG00000038295,turquoise
ENSG00000300661,turquoise
ENSG00000177106,turquoise
ENSG00000181773,grey
ENSG00000218336,turquoise
ENSG00000117505,turquoise
ENSG00000155313,turquoise
ENSG00000242808,brown
ENSG00000260912,grey
ENSG00000091164,turquoise
ENSG00000068650,blue
ENSG00000087053,turquoise
ENSG00000116991,turquoise
ENSG00000295320,turquoise
ENSG00000025156,turquoise
ENSG00000255931,grey
ENSG00000116329,turquoise
ENSG00000086506,turquoise
ENSG00000106089,turquoise
ENSG00000129636,turquoise
ENSG00000305651,grey
ENSG00000197705,turquoise
ENSG00000168913,grey
ENSG00000155256,turquoise
ENSG00000261123,turquoise
ENSG00000100647,turquoise
ENSG00000164332,turquoise
ENSG00000152049,green
ENSG00000107745,turquoise
ENSG00000226084,magenta
ENSG00000226490,pink
ENSG00000233508,turquoise
ENSG00000296588,grey
ENSG00000151067,turquoise
ENSG00000210077,grey
ENSG00000139116,turquoise
ENSG00000187079,black
ENSG00000204950,turquoise
ENSG00000164080,turquoise
ENSG00000165868,turquoise
ENSG00000122912,turquoise
ENSG00000147162,turquoise
ENSG00000186301,grey
ENSG00000204767,blue
ENSG00000151778,turquoise
ENSG00000127418,yellow
ENSG00000169429,green
ENSG00000196205,grey
ENSG00000186594,turquoise
ENSG00000158158,turquoise
ENSG00000106078,blue
ENSG00000157470,turquoise
ENSG00000203485,turquoise
ENSG00000081721,turquoise
ENSG00000146411,black
ENSG00000131018,turquoise
ENSG00000273820,turquoise
ENSG00000105509,turquoise
ENSG00000078814,turquoise
ENSG00000143554,grey
ENSG00000169006,yellow
ENSG00000099821,turquoise
ENSG00000092148,turquoise
ENSG00000171004,turquoise
ENSG00000181788,turquoise
ENSG00000299449,turquoise
ENSG00000164366,turquoise
ENSG00000125868,turquoise
ENSG00000255384,turquoise
ENSG00000178568,turquoise
ENSG00000182366,turquoise
ENSG00000085721,turquoise
ENSG00000157388,turquoise
ENSG00000157404,turquoise
ENSG00000140830,turquoise
ENSG00000168314,brown
ENSG00000100604,grey
ENSG00000226040,turquoise
ENSG00000073849,turquoise
ENSG00000186522,brown
ENSG00000072133,turquoise
ENSG00000144559,turquoise
ENSG00000168071,turquoise
ENSG00000204590,turquoise
ENSG00000101911,turquoise
ENSG00000223774,grey
ENSG00000132470,yellow
ENSG00000250166,yellow
ENSG00000141232,grey
ENSG00000204564,turquoise
ENSG00000185022,green
ENSG00000135540,yellow
ENSG00000124181,blue
ENSG00000106648,turquoise
ENSG00000170786,turquoise
ENSG00000239149,grey
ENSG00000078328,turquoise
ENSG00000010278,brown
ENSG00000131149,turquoise
ENSG00000148660,turquoise
ENSG00000179603,turquoise
ENSG00000085662,turquoise
ENSG00000205302,turquoise
ENSG00000164924,turquoise
ENSG00000106609,turquoise
ENSG00000198739,turquoise
ENSG00000307633,turquoise
ENSG00000131791,turquoise
ENSG00000140968,red
ENSG00000206612,grey
ENSG00000197912,turquoise
ENSG00000085377,turquoise
ENSG00000183160,red
ENSG00000269903,grey
ENSG00000254510,grey
ENSG00000164347,turquoise
ENSG00000175581,turquoise
ENSG00000085365,turquoise
ENSG00000198517,blue
ENSG00000124831,turquoise
ENSG00000077238,green
ENSG00000164619,turquoise
ENSG00000177731,turquoise
ENSG00000248794,grey
ENSG00000145708,turquoise
ENSG00000254682,grey
ENSG00000069849,turquoise
ENSG00000136026,turquoise
ENSG00000267692,turquoise
ENSG00000159248,turquoise
ENSG00000145911,turquoise
ENSG00000183888,green
ENSG00000141736,yellow
ENSG00000228748,turquoise
ENSG00000160993,turquoise
ENSG00000125266,turquoise
ENSG00000089163,turquoise
ENSG00000168772,turquoise
ENSG00000143158,turquoise
ENSG00000137817,turquoise
ENSG00000241563,turquoise
ENSG00000153132,turquoise
ENSG00000167700,turquoise
ENSG00000157601,turquoise
ENSG00000159208,turquoise
ENSG00000234969,grey
ENSG00000087266,yellow
ENSG00000178028,grey
ENSG00000147912,turquoise
ENSG00000143933,turquoise
ENSG00000143368,turquoise
ENSG00000167107,yellow
ENSG00000013392,turquoise
ENSG00000300379,turquoise
ENSG00000103460,turquoise
ENSG00000079102,turquoise
ENSG00000133119,turquoise
ENSG00000101457,turquoise
ENSG00000274460,blue
ENSG00000081320,yellow
ENSG00000188729,turquoise
ENSG00000147526,turquoise
ENSG00000267247,turquoise
ENSG00000035687,turquoise
ENSG00000115468,brown
ENSG00000127337,turquoise
ENSG00000143499,turquoise
ENSG00000285813,turquoise
ENSG00000072364,turquoise
ENSG00000006625,turquoise
ENSG00000205571,grey
ENSG00000152127,turquoise
ENSG00000206418,turquoise
ENSG00000037637,turquoise
ENSG00000162747,grey
ENSG00000158863,turquoise
ENSG00000126226,turquoise
ENSG00000158669,turquoise
ENSG00000162434,turquoise
ENSG00000184385,turquoise
ENSG00000205562,turquoise
ENSG00000147813,grey
ENSG00000128641,turquoise
ENSG00000180155,turquoise
ENSG00000162618,green
ENSG00000131069,turquoise
ENSG00000128274,green
ENSG00000173369,red
ENSG00000200356,grey
ENSG00000150347,turquoise
ENSG00000076944,red
ENSG00000116285,turquoise
ENSG00000105290,turquoise
ENSG00000272927,blue
ENSG00000170382,turquoise
ENSG00000285883,turquoise
ENSG00000166289,grey
ENSG00000132361,grey
ENSG00000188004,turquoise
ENSG00000144369,black
ENSG00000151136,turquoise
ENSG00000272223,grey
ENSG00000255693,turquoise
ENSG00000132958,turquoise
ENSG00000170537,brown
ENSG00000005059,turquoise
ENSG00000268654,turquoise
ENSG00000138115,turquoise
ENSG00000184678,brown
ENSG00000235174,magenta
ENSG00000171345,grey
ENSG00000169313,red
ENSG00000151148,turquoise
ENSG00000187122,turquoise
ENSG00000167889,turquoise
ENSG00000139874,turquoise
ENSG00000018236,turquoise
ENSG00000206149,grey
ENSG00000115806,turquoise
ENSG00000165548,turquoise
ENSG00000162746,turquoise
ENSG00000275993,grey
ENSG00000204217,turquoise
ENSG00000067048,grey
ENSG00000146250,yellow
ENSG00000128731,turquoise
ENSG00000164087,turquoise
ENSG00000146677,grey
ENSG00000002746,turquoise
ENSG00000152669,turquoise
ENSG00000179399,yellow
ENSG00000092094,turquoise
ENSG00000133703,turquoise
ENSG00000167281,turquoise
ENSG00000168538,turquoise
ENSG00000012660,grey
ENSG00000147804,turquoise
ENSG00000259031,grey
ENSG00000172568,turquoise
ENSG00000188394,turquoise
ENSG00000165655,turquoise
ENSG00000186288,turquoise
ENSG00000233452,turquoise
ENSG00000300180,turquoise
ENSG00000154678,blue
ENSG00000180530,turquoise
ENSG00000142168,turquoise
ENSG00000100129,turquoise
ENSG00000132031,grey
ENSG00000150967,turquoise
ENSG00000253710,turquoise
ENSG00000087365,turquoise
ENSG00000177981,turquoise
ENSG00000074181,grey
ENSG00000102302,turquoise
ENSG00000140511,green
ENSG00000215218,turquoise
ENSG00000101158,turquoise
ENSG00000126947,turquoise
ENSG00000152931,turquoise
ENSG00000029725,turquoise
ENSG00000165152,turquoise
ENSG00000281183,turquoise
ENSG00000073670,turquoise
ENSG00000168243,turquoise
ENSG00000155886,turquoise
ENSG00000219435,turquoise
ENSG00000235363,grey
ENSG00000125538,green
ENSG00000147408,black
ENSG00000211450,turquoise
ENSG00000196498,turquoise
ENSG00000309097,grey
ENSG00000162066,turquoise
ENSG00000082482,turquoise
ENSG00000227053,turquoise
ENSG00000261971,turquoise
ENSG00000177971,turquoise
ENSG00000278876,grey
ENSG00000124574,turquoise
ENSG00000078804,brown
ENSG00000114999,turquoise
ENSG00000152684,turquoise
ENSG00000112640,turquoise
ENSG00000205363,turquoise
ENSG00000256310,grey
ENSG00000272668,grey
ENSG00000157219,turquoise
ENSG00000118985,turquoise
ENSG00000104960,grey
ENSG00000233270,turquoise
ENSG00000168282,blue
ENSG00000249453,turquoise
ENSG00000126878,brown
ENSG00000165417,turquoise
ENSG00000164442,turquoise
ENSG00000112874,turquoise
ENSG00000175175,turquoise
ENSG00000306756,blue
ENSG00000073008,turquoise
ENSG00000107742,turquoise
ENSG00000069399,green
ENSG00000165219,turquoise
ENSG00000123810,turquoise
ENSG00000153898,grey
ENSG00000065357,turquoise
ENSG00000156471,turquoise
ENSG00000174292,turquoise
ENSG00000023228,turquoise
ENSG00000166922,turquoise
ENSG00000100220,turquoise
ENSG00000115604,green
ENSG00000138944,turquoise
ENSG00000277692,grey
ENSG00000231389,red
ENSG00000301966,grey
ENSG00000147224,turquoise
ENSG00000162980,turquoise
ENSG00000102181,turquoise
ENSG00000298766,blue
ENSG00000159388,grey
ENSG00000171865,turquoise
ENSG00000061656,turquoise
ENSG00000139890,turquoise
ENSG00000139718,turquoise
ENSG00000176076,grey
ENSG00000221986,grey
ENSG00000173545,turquoise
ENSG00000176658,brown
ENSG00000177830,turquoise
ENSG00000204179,turquoise
ENSG00000155275,turquoise
ENSG00000155906,turquoise
ENSG00000117280,black
ENSG00000163590,turquoise
ENSG00000152558,brown
ENSG00000217643,grey
ENSG00000143653,turquoise
ENSG00000145833,turquoise
ENSG00000166260,turquoise
ENSG00000108576,turquoise
ENSG00000189043,turquoise
ENSG00000229447,blue
ENSG00000200320,turquoise
ENSG00000105327,turquoise
ENSG00000205307,blue
ENSG00000134247,turquoise
ENSG00000183336,turquoise
ENSG00000196776,turquoise
ENSG00000137561,yellow
ENSG00000156453,turquoise
ENSG00000043143,turquoise
ENSG00000239911,grey
ENSG00000006062,turquoise
ENSG00000163399,turquoise
ENSG00000269981,grey
ENSG00000278867,turquoise
ENSG00000119699,brown
ENSG00000169992,turquoise
ENSG00000228998,turquoise
ENSG00000254999,turquoise
ENSG00000132485,turquoise
ENSG00000136235,grey
ENSG00000162426,turquoise
ENSG00000100526,turquoise
ENSG00000279569,yellow
ENSG00000100219,grey
ENSG00000112320,turquoise
ENSG00000132549,turquoise
ENSG00000159840,turquoise
ENSG00000109519,turquoise
ENSG00000174469,turquoise
ENSG00000140403,turquoise
ENSG00000223799,turquoise
ENSG00000274211,turquoise
ENSG00000125651,turquoise
ENSG00000130396,blue
ENSG00000159921,turquoise
ENSG00000018625,yellow
ENSG00000243480,grey
ENSG00000185641,magenta
ENSG00000308864,turquoise
ENSG00000272871,turquoise
ENSG00000110218,turquoise
ENSG00000033100,grey
ENSG00000137880,turquoise
ENSG00000147576,yellow
ENSG00000185904,turquoise
ENSG00000134824,brown
ENSG00000007541,turquoise
ENSG00000255434,turquoise
ENSG00000100483,turquoise
ENSG00000241935,yellow
ENSG00000244879,blue
ENSG00000169660,turquoise
ENSG00000132004,turquoise
ENSG00000277270,turquoise
ENSG00000120438,turquoise
ENSG00000111011,turquoise
ENSG00000131697,turquoise
ENSG00000288048,yellow
ENSG00000176055,turquoise
ENSG00000137094,grey
ENSG00000234545,turquoise
ENSG00000113163,turquoise
ENSG00000152822,turquoise
ENSG00000026652,turquoise
ENSG00000234630,turquoise
ENSG00000165406,blue
ENSG00000111707,turquoise
ENSG00000308270,turquoise
ENSG00000111859,grey
ENSG00000235194,turquoise
ENSG00000177595,turquoise
ENSG00000089159,green
ENSG00000279348,turquoise
ENSG00000272973,turquoise
ENSG00000100628,turquoise
ENSG00000254910,yellow
ENSG00000025770,turquoise
ENSG00000206913,grey
ENSG00000153291,turquoise
ENSG00000125851,turquoise
ENSG00000304496,turquoise
ENSG00000184588,turquoise
ENSG00000185149,turquoise
ENSG00000132773,turquoise
ENSG00000198954,turquoise
ENSG00000215126,turquoise
ENSG00000092445,turquoise
ENSG00000165359,turquoise
ENSG00000184207,turquoise
ENSG00000170921,turquoise
ENSG00000180957,turquoise
ENSG00000165832,turquoise
ENSG00000181804,brown
ENSG00000251775,grey
ENSG00000115457,turquoise
ENSG00000278558,grey
ENSG00000159433,blue
ENSG00000110811,turquoise
ENSG00000128602,yellow
ENSG00000105821,turquoise
ENSG00000172782,turquoise
ENSG00000065057,turquoise
ENSG00000184007,brown
ENSG00000134917,turquoise
ENSG00000161243,turquoise
ENSG00000068383,turquoise
ENSG00000113282,turquoise
ENSG00000112531,brown
ENSG00000215493,turquoise
ENSG00000183317,turquoise
ENSG00000146476,turquoise
ENSG00000171456,turquoise
ENSG00000254035,turquoise
ENSG00000112078,turquoise
ENSG00000136002,black
ENSG00000132740,turquoise
ENSG00000068654,turquoise
ENSG00000176410,turquoise
ENSG00000276070,grey
ENSG00000157613,turquoise
ENSG00000157800,turquoise
ENSG00000130164,grey
ENSG00000085465,turquoise
ENSG00000119862,turquoise
ENSG00000254595,turquoise
ENSG00000133256,brown
ENSG00000141252,turquoise
ENSG00000164326,turquoise
ENSG00000006831,brown
ENSG00000145495,turquoise
ENSG00000166507,turquoise
ENSG00000164111,grey
ENSG00000123119,turquoise
ENSG00000188674,turquoise
ENSG00000197622,turquoise
ENSG00000308218,grey
ENSG00000263164,grey
ENSG00000132388,turquoise
ENSG00000178234,turquoise
ENSG00000238793,grey
ENSG00000155561,turquoise
ENSG00000258515,turquoise
ENSG00000232630,blue
ENSG00000133169,turquoise
ENSG00000158109,turquoise
ENSG00000306252,turquoise
ENSG00000280486,brown
ENSG00000137726,turquoise
ENSG00000131634,grey
ENSG00000239857,turquoise
ENSG00000134779,turquoise
ENSG00000173801,brown
ENSG00000166881,blue
ENSG00000132003,turquoise
ENSG00000182389,turquoise
ENSG00000182022,turquoise
ENSG00000144671,turquoise
ENSG00000250366,turquoise
ENSG00000144619,turquoise
ENSG00000140955,grey
ENSG00000287496,grey
ENSG00000162636,turquoise
ENSG00000117525,yellow
ENSG00000130734,turquoise
ENSG00000146215,turquoise
ENSG00000056558,brown
ENSG00000163257,turquoise
ENSG00000168497,grey
ENSG00000277586,turquoise
ENSG00000198498,turquoise
ENSG00000163873,turquoise
ENSG00000121390,turquoise
ENSG00000149257,grey
ENSG00000134769,yellow
ENSG00000153956,turquoise
ENSG00000172046,turquoise
ENSG00000167555,turquoise
ENSG00000162623,turquoise
ENSG00000183798,turquoise
ENSG00000125733,green
ENSG00000197948,blue
ENSG00000074855,turquoise
ENSG00000255126,blue
ENSG00000067057,turquoise
ENSG00000143258,turquoise
ENSG00000238058,turquoise
ENSG00000139178,turquoise
ENSG00000154122,turquoise
ENSG00000109016,turquoise
ENSG00000110900,grey
ENSG00000182552,turquoise
ENSG00000126733,turquoise
ENSG00000127191,turquoise
ENSG00000198910,turquoise
ENSG00000119772,turquoise
ENSG00000165617,turquoise
ENSG00000135720,brown
ENSG00000163833,turquoise
ENSG00000144802,green
ENSG00000145912,turquoise
ENSG00000104140,turquoise
ENSG00000264112,turquoise
ENSG00000006015,pink
ENSG00000105516,turquoise
ENSG00000261572,turquoise
ENSG00000283929,grey
ENSG00000064393,brown
ENSG00000129946,turquoise
ENSG00000197977,yellow
ENSG00000171960,turquoise
ENSG00000248008,turquoise
ENSG00000183495,turquoise
ENSG00000159423,yellow
ENSG00000287315,turquoise
ENSG00000104331,turquoise
ENSG00000092529,brown
ENSG00000245293,brown
ENSG00000104783,turquoise
ENSG00000156097,turquoise
ENSG00000145623,green
ENSG00000260565,turquoise
ENSG00000213144,grey
ENSG00000197081,blue
ENSG00000204149,turquoise
ENSG00000204394,grey
ENSG00000110675,turquoise
ENSG00000276445,grey
ENSG00000280334,blue
ENSG00000101337,turquoise
ENSG00000132932,turquoise
ENSG00000162687,turquoise
ENSG00000061676,turquoise
ENSG00000198929,turquoise
ENSG00000185658,turquoise
ENSG00000181856,yellow
ENSG00000130414,turquoise
ENSG00000235863,turquoise
ENSG00000181982,turquoise
ENSG00000143384,green
ENSG00000130829,grey
ENSG00000110844,turquoise
ENSG00000130822,turquoise
ENSG00000109072,turquoise
ENSG00000161955,yellow
ENSG00000197776,turquoise
ENSG00000138629,turquoise
ENSG00000126860,brown
ENSG00000206932,grey
ENSG00000302391,grey
ENSG00000269906,brown
ENSG00000171109,turquoise
ENSG00000172260,turquoise
ENSG00000164308,grey
ENSG00000120451,turquoise
ENSG00000117650,turquoise
ENSG00000103253,pink
ENSG00000066427,turquoise
ENSG00000258072,turquoise
ENSG00000277863,grey
ENSG00000114861,turquoise
ENSG00000134107,turquoise
ENSG00000158710,green
ENSG00000100731,turquoise
ENSG00000181135,turquoise
ENSG00000185352,turquoise
ENSG00000145934,turquoise
ENSG00000148841,green
ENSG00000244731,green
ENSG00000186416,turquoise
ENSG00000227745,turquoise
ENSG00000172831,turquoise
ENSG00000176593,turquoise
ENSG00000132294,turquoise
ENSG00000182566,turquoise
ENSG00000131876,turquoise
ENSG00000109184,turquoise
ENSG00000173848,grey
ENSG00000173372,red
ENSG00000168348,turquoise
ENSG00000182446,turquoise
ENSG00000068366,turquoise
ENSG00000178171,turquoise
ENSG00000196169,brown
ENSG00000124920,brown
ENSG00000114686,turquoise
ENSG00000250479,pink
ENSG00000137841,red
ENSG00000089220,turquoise
ENSG00000225972,grey
ENSG00000173805,grey
ENSG00000231437,turquoise
ENSG00000272031,turquoise
ENSG00000244274,brown
ENSG00000072958,turquoise
ENSG00000226174,grey
ENSG00000162105,turquoise
ENSG00000233830,grey
ENSG00000298227,turquoise
ENSG00000120324,turquoise
ENSG00000125877,turquoise
ENSG00000166503,turquoise
ENSG00000133114,turquoise
ENSG00000172867,grey
ENSG00000163348,turquoise
ENSG00000029153,turquoise
ENSG00000214193,turquoise
ENSG00000231249,turquoise
ENSG00000142949,turquoise
ENSG00000273487,turquoise
ENSG00000108551,turquoise
ENSG00000291068,blue
ENSG00000262223,brown
ENSG00000170340,turquoise
ENSG00000162702,turquoise
ENSG00000139973,turquoise
ENSG00000173209,grey
ENSG00000168824,turquoise
ENSG00000171385,turquoise
ENSG00000102981,turquoise
ENSG00000271303,turquoise
ENSG00000158805,turquoise
ENSG00000159063,turquoise
ENSG00000152601,turquoise
ENSG00000105726,turquoise
ENSG00000219747,grey
ENSG00000198642,turquoise
ENSG00000099899,turquoise
ENSG00000143442,blue
ENSG00000179965,pink
ENSG00000171786,turquoise
ENSG00000261329,brown
ENSG00000207186,grey
ENSG00000148843,turquoise
ENSG00000188735,turquoise
ENSG00000172661,turquoise
ENSG00000095917,grey
ENSG00000166111,turquoise
ENSG00000234965,grey
ENSG00000162873,turquoise
ENSG00000130779,turquoise
ENSG00000172020,turquoise
ENSG00000122367,brown
ENSG00000277351,brown
ENSG00000114993,brown
ENSG00000155229,turquoise
ENSG00000141759,turquoise
ENSG00000070413,turquoise
ENSG00000106069,turquoise
ENSG00000174684,turquoise
ENSG00000214944,turquoise
ENSG00000041357,turquoise
ENSG00000255690,yellow
ENSG00000102007,green
ENSG00000175206,turquoise
ENSG00000188064,grey
ENSG00000204231,turquoise
ENSG00000102901,turquoise
ENSG00000161381,turquoise
ENSG00000132141,grey
ENSG00000142197,turquoise
ENSG00000262165,grey
ENSG00000169896,red
ENSG00000172465,turquoise
ENSG00000008869,turquoise
ENSG00000181035,turquoise
ENSG00000259017,turquoise
ENSG00000228716,blue
ENSG00000122034,turquoise
ENSG00000185650,yellow
ENSG00000164983,turquoise
ENSG00000104427,turquoise
ENSG00000137727,turquoise
ENSG00000244734,grey
ENSG00000139998,turquoise
ENSG00000068305,turquoise
ENSG00000249936,magenta
ENSG00000197063,turquoise
ENSG00000132326,grey
ENSG00000157103,turquoise
ENSG00000164089,yellow
ENSG00000288982,grey
ENSG00000162545,turquoise
ENSG00000286084,turquoise
ENSG00000251595,turquoise
ENSG00000276085,grey
ENSG00000152556,turquoise
ENSG00000241553,turquoise
ENSG00000188227,turquoise
ENSG00000072952,yellow
ENSG00000165733,turquoise
ENSG00000122694,brown
ENSG00000254398,turquoise
ENSG00000135363,green
ENSG00000219507,magenta
ENSG00000171606,grey
ENSG00000047457,green
ENSG00000162631,turquoise
ENSG00000149541,grey
ENSG00000142396,turquoise
ENSG00000180537,yellow
ENSG00000163832,turquoise
ENSG00000100504,green
ENSG00000214279,turquoise
ENSG00000153814,turquoise
ENSG00000305676,turquoise
ENSG00000226080,turquoise
ENSG00000100376,turquoise
ENSG00000136404,turquoise
ENSG00000059145,blue
ENSG00000124491,grey
ENSG00000228589,grey
ENSG00000170835,grey
ENSG00000299303,grey
ENSG00000153234,grey
ENSG00000007866,green
ENSG00000107738,yellow
ENSG00000140600,blue
ENSG00000116044,black
ENSG00000137221,brown
ENSG00000101452,turquoise
ENSG00000158373,grey
ENSG00000268996,turquoise
ENSG00000139624,turquoise
ENSG00000106397,brown
ENSG00000164600,turquoise
ENSG00000117448,turquoise
ENSG00000256148,grey
ENSG00000100422,turquoise
ENSG00000164124,brown
ENSG00000184203,turquoise
ENSG00000261790,turquoise
ENSG00000170523,grey
ENSG00000203883,grey
ENSG00000155846,turquoise
ENSG00000152291,turquoise
ENSG00000256537,turquoise
ENSG00000256557,grey
ENSG00000166925,brown
ENSG00000215041,turquoise
ENSG00000142657,turquoise
ENSG00000173452,turquoise
ENSG00000169427,turquoise
ENSG00000187147,turquoise
ENSG00000254348,turquoise
ENSG00000053108,turquoise
ENSG00000176720,brown
ENSG00000197296,turquoise
ENSG00000109762,turquoise
ENSG00000134030,turquoise
ENSG00000173825,turquoise
ENSG00000166342,turquoise
ENSG00000151490,turquoise
ENSG00000052795,turquoise
ENSG00000137033,yellow
ENSG00000130558,turquoise
ENSG00000162521,turquoise
ENSG00000176148,turquoise
ENSG00000181666,turquoise
ENSG00000160208,blue
ENSG00000138759,turquoise
ENSG00000126953,turquoise
ENSG00000253200,blue
ENSG00000184349,turquoise
ENSG00000006432,turquoise
ENSG00000145191,turquoise
ENSG00000077254,turquoise
ENSG00000080822,brown
ENSG00000129467,green
ENSG00000237515,turquoise
ENSG00000149489,yellow
ENSG00000188157,turquoise
ENSG00000252010,grey
ENSG00000103089,brown
ENSG00000196440,turquoise
ENSG00000112893,blue
ENSG00000217648,turquoise
ENSG00000110514,turquoise
ENSG00000052749,grey
ENSG00000147010,turquoise
ENSG00000197629,red
ENSG00000182087,turquoise
ENSG00000154803,turquoise
ENSG00000136828,turquoise
ENSG00000205403,green
ENSG00000164434,grey
ENSG00000205116,brown
ENSG00000267651,turquoise
ENSG00000125968,grey
ENSG00000198715,turquoise
ENSG00000260903,turquoise
ENSG00000165186,turquoise
ENSG00000230202,grey
ENSG00000233016,turquoise
ENSG00000145335,turquoise
ENSG00000064607,turquoise
ENSG00000198753,brown
ENSG00000185896,turquoise
ENSG00000101977,turquoise
ENSG00000242529,turquoise
ENSG00000148600,turquoise
ENSG00000177082,turquoise
ENSG00000175606,turquoise
ENSG00000182255,turquoise
ENSG00000151012,yellow
ENSG00000153820,turquoise
ENSG00000110987,turquoise
ENSG00000126067,turquoise
ENSG00000206432,turquoise
ENSG00000166971,turquoise
ENSG00000113108,grey
ENSG00000175931,turquoise
ENSG00000189420,turquoise
ENSG00000136099,turquoise
ENSG00000155744,turquoise
ENSG00000075035,turquoise
ENSG00000130305,turquoise
ENSG00000100321,turquoise
ENSG00000171126,turquoise
ENSG00000080824,turquoise
ENSG00000172345,turquoise
ENSG00000257704,pink
ENSG00000175087,turquoise
ENSG00000166949,turquoise
ENSG00000108947,turquoise
ENSG00000185085,turquoise
ENSG00000198355,turquoise
ENSG00000149179,turquoise
ENSG00000122359,turquoise
ENSG00000228058,red
ENSG00000286381,grey
ENSG00000169258,turquoise
ENSG00000110442,turquoise
ENSG00000210107,grey
ENSG00000099840,grey
ENSG00000233913,grey
ENSG00000298317,grey
ENSG00000161682,turquoise
ENSG00000275620,grey
ENSG00000172115,turquoise
ENSG00000176697,turquoise
ENSG00000117481,turquoise
ENSG00000198586,turquoise
ENSG00000037042,turquoise
ENSG00000136960,brown
ENSG00000179598,turquoise
ENSG00000175279,turquoise
ENSG00000299524,turquoise
ENSG00000138061,turquoise
ENSG00000163914,turquoise
ENSG00000241769,turquoise
ENSG00000236358,turquoise
ENSG00000121766,turquoise
ENSG00000287815,turquoise
ENSG00000256925,turquoise
ENSG00000231062,brown
ENSG00000118816,turquoise
ENSG00000141367,turquoise
ENSG00000165533,turquoise
ENSG00000267571,blue
ENSG00000174718,blue
ENSG00000121858,grey
ENSG00000237887,grey
ENSG00000117308,grey
ENSG00000272885,grey
ENSG00000050748,turquoise
ENSG00000106993,turquoise
ENSG00000198841,turquoise
ENSG00000070495,turquoise
ENSG00000275409,grey
ENSG00000114784,turquoise
ENSG00000135900,turquoise
ENSG00000161958,yellow
ENSG00000185728,turquoise
ENSG00000132128,turquoise
ENSG00000182247,turquoise
ENSG00000089053,turquoise
ENSG00000100991,turquoise
ENSG00000148482,yellow
ENSG00000164902,turquoise
ENSG00000148926,green
ENSG00000170571,turquoise
ENSG00000179673,pink
ENSG00000182722,turquoise
ENSG00000165175,brown
ENSG00000089693,turquoise
ENSG00000287743,turquoise
ENSG00000175216,turquoise
ENSG00000006128,turquoise
ENSG00000182256,turquoise
ENSG00000178947,turquoise
ENSG00000164808,turquoise
ENSG00000085117,brown
ENSG00000147548,turquoise
ENSG00000225968,turquoise
ENSG00000267838,grey
ENSG00000306878,turquoise
ENSG00000162456,turquoise
ENSG00000108588,turquoise
ENSG00000040933,turquoise
ENSG00000126214,turquoise
ENSG00000175084,grey
ENSG00000113068,turquoise
ENSG00000184672,grey
ENSG00000157782,turquoise
ENSG00000134780,turquoise
ENSG00000040633,turquoise
ENSG00000125966,turquoise
ENSG00000170832,turquoise
ENSG00000072071,turquoise
ENSG00000197183,turquoise
ENSG00000174576,grey
ENSG00000224550,grey
ENSG00000301229,turquoise
ENSG00000160193,turquoise
ENSG00000160401,turquoise
ENSG00000174842,turquoise
ENSG00000280798,turquoise
ENSG00000197406,grey
ENSG00000047315,turquoise
ENSG00000187801,turquoise
ENSG00000252061,turquoise
ENSG00000240303,blue
ENSG00000165312,turquoise
ENSG00000269958,brown
ENSG00000127366,blue
ENSG00000112851,brown
ENSG00000170500,turquoise
ENSG00000279300,turquoise
ENSG00000288758,grey
ENSG00000204644,brown
ENSG00000067842,turquoise
ENSG00000144119,grey
ENSG00000105220,turquoise
ENSG00000232903,turquoise
ENSG00000171476,grey
ENSG00000101161,turquoise
ENSG00000162804,turquoise
ENSG00000001461,blue
ENSG00000160014,turquoise
ENSG00000138663,turquoise
ENSG00000279138,turquoise
ENSG00000158828,turquoise
ENSG00000291091,turquoise
ENSG00000135824,turquoise
ENSG00000267765,turquoise
ENSG00000211829,grey
ENSG00000054803,turquoise
ENSG00000180182,turquoise
ENSG00000185090,turquoise
ENSG00000155974,turquoise
ENSG00000120948,turquoise
ENSG00000261195,brown
ENSG00000290021,green
ENSG00000289058,brown
ENSG00000198805,green
ENSG00000171051,red
ENSG00000169442,grey
ENSG00000041353,turquoise
ENSG00000237753,turquoise
ENSG00000185386,turquoise
ENSG00000073712,yellow
ENSG00000175906,turquoise
ENSG00000289392,grey
ENSG00000115233,turquoise
ENSG00000134285,grey
ENSG00000228203,turquoise
ENSG00000152942,turquoise
ENSG00000213977,brown
ENSG00000143748,blue
ENSG00000108622,green
ENSG00000272143,brown
ENSG00000228499,grey
ENSG00000114744,turquoise
ENSG00000087269,turquoise
ENSG00000070182,turquoise
ENSG00000070476,blue
ENSG00000127837,turquoise
ENSG00000175455,turquoise
ENSG00000213190,turquoise
ENSG00000112763,turquoise
ENSG00000187164,brown
ENSG00000273443,turquoise
ENSG00000158987,turquoise
ENSG00000186732,turquoise
ENSG00000085831,turquoise
ENSG00000164031,turquoise
ENSG00000174516,turquoise
ENSG00000198742,turquoise
ENSG00000301036,grey
ENSG00000183196,brown
ENSG00000146576,grey
ENSG00000186160,turquoise
ENSG00000115956,red
ENSG00000068912,turquoise
ENSG00000183715,turquoise
ENSG00000244313,grey
ENSG00000105894,yellow
ENSG00000152102,turquoise
ENSG00000295468,turquoise
ENSG00000100227,blue
ENSG00000171873,turquoise
ENSG00000141873,turquoise
ENSG00000179051,turquoise
ENSG00000221978,turquoise
ENSG00000274682,grey
ENSG00000164659,blue
ENSG00000103647,turquoise
ENSG00000144285,turquoise
ENSG00000131055,grey
ENSG00000164039,yellow
ENSG00000167962,turquoise
ENSG00000124749,turquoise
ENSG00000054793,turquoise
ENSG00000131370,turquoise
ENSG00000070718,turquoise
ENSG00000114331,black
ENSG00000100028,turquoise
ENSG00000112242,turquoise
ENSG00000159915,turquoise
ENSG00000234393,grey
ENSG00000116396,turquoise
ENSG00000031698,turquoise
ENSG00000227879,turquoise
ENSG00000146950,turquoise
ENSG00000115216,turquoise
ENSG00000104872,turquoise
ENSG00000277632,grey
ENSG00000136367,turquoise
ENSG00000272034,grey
ENSG00000232346,grey
ENSG00000267681,grey
ENSG00000182578,red
ENSG00000103353,turquoise
ENSG00000117984,turquoise
ENSG00000177169,turquoise
ENSG00000150627,turquoise
ENSG00000307441,turquoise
ENSG00000185838,grey
ENSG00000162073,blue
ENSG00000118804,turquoise
ENSG00000165714,turquoise
ENSG00000158560,turquoise
ENSG00000156136,turquoise
ENSG00000021574,turquoise
ENSG00000136643,turquoise
ENSG00000197901,grey
ENSG00000104369,turquoise
ENSG00000121905,turquoise
ENSG00000197223,turquoise
ENSG00000185024,turquoise
ENSG00000055163,turquoise
ENSG00000202079,grey
ENSG00000167103,turquoise
ENSG00000136715,turquoise
ENSG00000004766,turquoise
ENSG00000140691,turquoise
ENSG00000185518,turquoise
ENSG00000184117,turquoise
ENSG00000163596,turquoise
ENSG00000152219,turquoise
ENSG00000127329,grey
ENSG00000090534,turquoise
ENSG00000274139,grey
ENSG00000087095,turquoise
ENSG00000279161,brown
ENSG00000181555,turquoise
ENSG00000302331,grey
ENSG00000204264,green
ENSG00000105723,turquoise
ENSG00000099814,turquoise
ENSG00000160888,grey
ENSG00000102003,turquoise
ENSG00000169900,grey
ENSG00000184144,blue
ENSG00000110344,turquoise
ENSG00000108599,turquoise
ENSG00000229422,turquoise
ENSG00000119139,brown
ENSG00000135519,turquoise
ENSG00000116819,turquoise
ENSG00000144036,turquoise
ENSG00000278816,grey
ENSG00000126803,brown
ENSG00000163884,yellow
ENSG00000140416,turquoise
ENSG00000170893,grey
ENSG00000284981,grey
ENSG00000137200,turquoise
ENSG00000129422,brown
ENSG00000119812,turquoise
ENSG00000123104,yellow
ENSG00000228038,turquoise
ENSG00000291113,turquoise
ENSG00000160360,turquoise
ENSG00000134644,turquoise
ENSG00000150401,turquoise
ENSG00000267565,turquoise
ENSG00000063660,turquoise
ENSG00000152413,turquoise
ENSG00000160307,brown
ENSG00000127364,turquoise
ENSG00000205809,grey
ENSG00000171444,yellow
ENSG00000131100,turquoise
ENSG00000113269,turquoise
ENSG00000293528,turquoise
ENSG00000172209,turquoise
ENSG00000196990,turquoise
ENSG00000151502,turquoise
ENSG00000079435,brown
ENSG00000047662,turquoise
ENSG00000271040,turquoise
ENSG00000130640,turquoise
ENSG00000140538,turquoise
ENSG00000185499,yellow
ENSG00000184675,turquoise
ENSG00000010292,blue
ENSG00000136720,turquoise
ENSG00000073910,turquoise
ENSG00000167005,turquoise
ENSG00000180185,turquoise
ENSG00000214870,turquoise
ENSG00000157617,turquoise
ENSG00000151468,turquoise
ENSG00000138172,turquoise
ENSG00000090857,blue
ENSG00000187135,turquoise
ENSG00000168137,blue
ENSG00000236496,grey
ENSG00000169047,turquoise
ENSG00000140829,blue
ENSG00000162298,turquoise
ENSG00000107263,turquoise
ENSG00000267466,turquoise
ENSG00000128245,turquoise
ENSG00000290831,turquoise
ENSG00000127511,turquoise
ENSG00000237786,grey
ENSG00000143333,grey
ENSG00000273096,grey
ENSG00000139044,turquoise
ENSG00000266288,turquoise
ENSG00000275580,turquoise
ENSG00000171617,turquoise
ENSG00000198105,turquoise
ENSG00000272153,blue
ENSG00000115977,turquoise
ENSG00000135312,turquoise
ENSG00000291100,turquoise
ENSG00000118495,turquoise
ENSG00000164418,turquoise
ENSG00000273899,turquoise
ENSG00000174607,brown
ENSG00000160714,turquoise
ENSG00000101542,brown
ENSG00000300799,turquoise
ENSG00000196419,turquoise
ENSG00000145675,turquoise
ENSG00000198133,turquoise
ENSG00000184967,turquoise
ENSG00000170464,turquoise
ENSG00000059728,turquoise
ENSG00000229604,grey
ENSG00000053702,turquoise
ENSG00000133048,green
ENSG00000157870,turquoise
ENSG00000130055,yellow
ENSG00000280157,grey
ENSG00000047188,turquoise
ENSG00000289483,turquoise
ENSG00000130347,turquoise
ENSG00000228107,blue
ENSG00000267834,turquoise
ENSG00000189367,turquoise
ENSG00000166349,turquoise
ENSG00000175182,turquoise
ENSG00000131941,yellow
ENSG00000303506,turquoise
ENSG00000128917,green
ENSG00000207291,turquoise
ENSG00000235351,turquoise
ENSG00000215375,turquoise
ENSG00000196458,turquoise
ENSG00000151790,turquoise
ENSG00000166510,turquoise
ENSG00000243902,turquoise
ENSG00000198793,turquoise
ENSG00000178965,turquoise
ENSG00000111752,turquoise
ENSG00000102390,turquoise
ENSG00000136104,turquoise
ENSG00000004468,brown
ENSG00000065613,turquoise
ENSG00000202538,grey
ENSG00000133019,turquoise
ENSG00000144583,turquoise
ENSG00000272989,turquoise
ENSG00000131759,grey
ENSG00000169085,turquoise
ENSG00000198934,turquoise
ENSG00000125740,grey
ENSG00000133101,turquoise
ENSG00000150873,turquoise
ENSG00000212123,grey
ENSG00000133424,turquoise
ENSG00000125149,turquoise
ENSG00000100979,yellow
ENSG00000011566,turquoise
ENSG00000183808,turquoise
ENSG00000259877,turquoise
ENSG00000179344,grey
ENSG00000181991,turquoise
ENSG00000183960,brown
ENSG00000161544,turquoise
ENSG00000066084,blue
ENSG00000058091,turquoise
ENSG00000112996,turquoise
ENSG00000162383,grey
ENSG00000124588,turquoise
ENSG00000197324,yellow
ENSG00000146005,grey
ENSG00000279716,turquoise
ENSG00000120875,grey
ENSG00000293188,turquoise
ENSG00000168591,grey
ENSG00000085449,turquoise
ENSG00000079931,grey
ENSG00000116752,turquoise
ENSG00000173846,grey
ENSG00000182208,turquoise
ENSG00000100997,turquoise
ENSG00000158773,grey
ENSG00000112309,brown
ENSG00000280214,turquoise
ENSG00000113966,turquoise
ENSG00000135002,turquoise
ENSG00000018280,red
ENSG00000146112,green
ENSG00000166257,turquoise
ENSG00000142303,turquoise
ENSG00000119689,turquoise
ENSG00000198520,grey
ENSG00000204580,brown
ENSG00000209480,grey
ENSG00000251188,grey
ENSG00000165449,yellow
ENSG00000289473,turquoise
ENSG00000185721,turquoise
ENSG00000136504,turquoise
ENSG00000169752,turquoise
ENSG00000206625,grey
ENSG00000214050,turquoise
ENSG00000291237,grey
ENSG00000306541,turquoise
ENSG00000213442,magenta
ENSG00000010319,grey
ENSG00000134323,turquoise
ENSG00000104332,brown
ENSG00000185324,turquoise
ENSG00000297409,turquoise
ENSG00000174177,grey
ENSG00000125841,turquoise
ENSG00000100823,turquoise
ENSG00000241945,grey
ENSG00000003989,yellow
ENSG00000136870,turquoise
ENSG00000129245,turquoise
ENSG00000175416,turquoise
ENSG00000132821,turquoise
ENSG00000100346,turquoise
ENSG00000182179,grey
ENSG00000206838,grey
ENSG00000037757,turquoise
ENSG00000287104,turquoise
ENSG00000185127,turquoise
ENSG00000173409,turquoise
ENSG00000110492,grey
ENSG00000068400,turquoise
ENSG00000146963,blue
ENSG00000120437,turquoise
ENSG00000109686,blue
ENSG00000134444,turquoise
ENSG00000167515,turquoise
ENSG00000244053,grey
ENSG00000286654,turquoise
ENSG00000171509,turquoise
ENSG00000146938,turquoise
ENSG00000166908,turquoise
ENSG00000151079,turquoise
ENSG00000137142,turquoise
ENSG00000261701,grey
ENSG00000132429,turquoise
ENSG00000109099,brown
ENSG00000273568,blue
ENSG00000188313,green
ENSG00000154096,grey
ENSG00000141314,turquoise
ENSG00000285634,turquoise
ENSG00000121274,turquoise
ENSG00000234127,turquoise
ENSG00000215039,turquoise
ENSG00000114841,turquoise
ENSG00000181195,turquoise
ENSG00000163220,grey
ENSG00000308230,yellow
ENSG00000173744,turquoise
ENSG00000178913,turquoise
ENSG00000175265,turquoise
ENSG00000148908,red
ENSG00000300370,grey
ENSG00000143398,turquoise
ENSG00000174672,turquoise
ENSG00000170579,turquoise
ENSG00000087494,turquoise
ENSG00000196220,turquoise
ENSG00000289566,grey
ENSG00000249306,grey
ENSG00000306114,blue
ENSG00000273325,grey
ENSG00000105976,turquoise
ENSG00000100473,turquoise
ENSG00000120071,turquoise
ENSG00000070729,turquoise
ENSG00000116141,turquoise
ENSG00000178860,grey
ENSG00000156928,turquoise
ENSG00000105695,brown
ENSG00000031081,yellow
ENSG00000144118,turquoise
ENSG00000299199,turquoise
ENSG00000090520,turquoise
ENSG00000227958,turquoise
ENSG00000198185,blue
ENSG00000145536,turquoise
ENSG00000200769,grey
ENSG00000235098,grey
ENSG00000244687,turquoise
ENSG00000145390,black
ENSG00000227289,grey
ENSG00000112701,turquoise
ENSG00000290685,turquoise
ENSG00000149485,brown
ENSG00000005022,turquoise
ENSG00000204103,turquoise
ENSG00000099364,turquoise
ENSG00000234614,turquoise
ENSG00000129596,turquoise
ENSG00000134569,yellow
ENSG00000116675,turquoise
ENSG00000169282,turquoise
ENSG00000130035,turquoise
ENSG00000114854,grey
ENSG00000207165,turquoise
ENSG00000265688,turquoise
ENSG00000133315,turquoise
ENSG00000168135,turquoise
ENSG00000281649,turquoise
ENSG00000177855,turquoise
ENSG00000050767,turquoise
ENSG00000105650,turquoise
ENSG00000291263,turquoise
ENSG00000169371,turquoise
ENSG00000122585,turquoise
ENSG00000167680,turquoise
ENSG00000183878,grey
ENSG00000150867,brown
ENSG00000161653,grey
ENSG00000172757,turquoise
ENSG00000280255,turquoise
ENSG00000170085,turquoise
ENSG00000063046,turquoise
ENSG00000119383,turquoise
ENSG00000165246,grey
ENSG00000297150,turquoise
ENSG00000119231,turquoise
ENSG00000298741,grey
ENSG00000184226,blue
ENSG00000071553,turquoise
ENSG00000267152,turquoise
ENSG00000124532,turquoise
ENSG00000182901,turquoise
ENSG00000104267,brown
ENSG00000235349,grey
ENSG00000130830,turquoise
ENSG00000298729,turquoise
ENSG00000135722,blue
ENSG00000123684,turquoise
ENSG00000104635,grey
ENSG00000197249,red
ENSG00000143416,yellow
ENSG00000104852,turquoise
ENSG00000110013,turquoise
ENSG00000258441,turquoise
ENSG00000026559,turquoise
ENSG00000107937,turquoise
ENSG00000058272,turquoise
ENSG00000215030,grey
ENSG00000167037,turquoise
ENSG00000156486,turquoise
ENSG00000175772,turquoise
ENSG00000134851,brown
ENSG00000160072,turquoise
ENSG00000262528,blue
ENSG00000188130,turquoise
ENSG00000162772,grey
ENSG00000148408,turquoise
ENSG00000277399,turquoise
ENSG00000231359,turquoise
ENSG00000141576,turquoise
ENSG00000164885,grey
ENSG00000133627,turquoise
ENSG00000174403,turquoise
ENSG00000065559,turquoise
ENSG00000014216,turquoise
ENSG00000153179,turquoise
ENSG00000176022,turquoise
ENSG00000159259,turquoise
ENSG00000162981,turquoise
ENSG00000298030,grey
ENSG00000079689,turquoise
ENSG00000197753,turquoise
ENSG00000181449,yellow
ENSG00000271849,turquoise
ENSG00000302694,grey
ENSG00000163866,turquoise
ENSG00000234851,magenta
ENSG00000112367,turquoise
ENSG00000269387,grey
ENSG00000142856,turquoise
ENSG00000162813,turquoise
ENSG00000178878,grey
ENSG00000185046,turquoise
ENSG00000138030,turquoise
ENSG00000273293,grey
ENSG00000122012,turquoise
ENSG00000069122,grey
ENSG00000279744,turquoise
ENSG00000161800,turquoise
ENSG00000075213,turquoise
ENSG00000157680,turquoise
ENSG00000199363,grey
ENSG00000253641,turquoise
ENSG00000299827,grey
ENSG00000165478,yellow
ENSG00000175264,turquoise
ENSG00000143434,turquoise
ENSG00000168778,turquoise
ENSG00000181610,turquoise
ENSG00000140280,turquoise
ENSG00000117115,brown
ENSG00000011422,green
ENSG00000275342,turquoise
ENSG00000179889,turquoise
ENSG00000121671,turquoise
ENSG00000155034,turquoise
ENSG00000132155,blue
ENSG00000138138,turquoise
ENSG00000290912,turquoise
ENSG00000249087,turquoise
ENSG00000180354,brown
ENSG00000170385,black
ENSG00000079156,turquoise
ENSG00000122877,grey
ENSG00000176912,brown
ENSG00000092140,turquoise
ENSG00000288012,grey
ENSG00000131409,turquoise
ENSG00000198791,turquoise
ENSG00000170323,grey
ENSG00000059691,turquoise
ENSG00000140740,turquoise
ENSG00000179772,grey
ENSG00000154162,turquoise
ENSG00000144712,turquoise
ENSG00000144057,turquoise
ENSG00000307583,grey
ENSG00000138190,turquoise
ENSG00000108352,turquoise
ENSG00000105339,turquoise
ENSG00000167755,brown
ENSG00000296981,turquoise
ENSG00000267272,turquoise
ENSG00000108091,turquoise
ENSG00000120696,turquoise
ENSG00000124383,turquoise
ENSG00000157502,turquoise
ENSG00000261115,turquoise
ENSG00000135250,turquoise
ENSG00000173404,turquoise
ENSG00000138207,turquoise
ENSG00000269556,turquoise
ENSG00000261669,turquoise
ENSG00000154479,grey
ENSG00000174903,turquoise
ENSG00000108561,turquoise
ENSG00000134243,turquoise
ENSG00000267632,blue
ENSG00000162241,turquoise
ENSG00000138593,blue
ENSG00000062524,turquoise
ENSG00000266714,blue
ENSG00000177103,turquoise
ENSG00000249853,turquoise
ENSG00000174669,turquoise
ENSG00000146360,turquoise
ENSG00000102317,turquoise
ENSG00000118515,brown
ENSG00000183891,black
ENSG00000178301,turquoise
ENSG00000157193,turquoise
ENSG00000013523,turquoise
ENSG00000226562,turquoise
ENSG00000158042,turquoise
ENSG00000063761,turquoise
ENSG00000105835,grey
ENSG00000176049,turquoise
ENSG00000100644,black
ENSG00000288942,grey
ENSG00000118971,turquoise
ENSG00000179933,turquoise
ENSG00000169064,turquoise
ENSG00000134330,turquoise
ENSG00000069966,turquoise
ENSG00000196091,grey
ENSG00000214575,turquoise
ENSG00000068745,grey
ENSG00000198680,turquoise
ENSG00000067225,turquoise
ENSG00000044574,turquoise
ENSG00000172247,pink
ENSG00000167768,grey
ENSG00000157450,turquoise
ENSG00000242071,magenta
ENSG00000259884,grey
ENSG00000278831,blue
ENSG00000297876,turquoise
ENSG00000126602,turquoise
ENSG00000066422,turquoise
ENSG00000107105,turquoise
ENSG00000242574,red
ENSG00000269925,turquoise
ENSG00000273343,turquoise
ENSG00000279255,turquoise
ENSG00000182952,turquoise
ENSG00000269752,turquoise
ENSG00000094631,blue
ENSG00000181191,turquoise
ENSG00000215252,turquoise
ENSG00000204520,green
ENSG00000113721,yellow
ENSG00000170468,turquoise
ENSG00000141698,turquoise
ENSG00000138772,grey
ENSG00000163541,turquoise
ENSG00000164344,grey
ENSG00000118194,grey
ENSG00000066933,turquoise
ENSG00000157557,turquoise
ENSG00000294968,blue
ENSG00000005156,turquoise
ENSG00000259494,turquoise
ENSG00000206503,green
ENSG00000075426,grey
ENSG00000271614,turquoise
ENSG00000061794,turquoise
ENSG00000268401,turquoise
ENSG00000165379,turquoise
ENSG00000104381,turquoise
ENSG00000171368,turquoise
ENSG00000196954,green
ENSG00000164303,turquoise
ENSG00000248015,blue
ENSG00000083093,turquoise
ENSG00000164938,brown
ENSG00000109079,turquoise
ENSG00000089289,turquoise
ENSG00000160957,turquoise
ENSG00000270578,turquoise
ENSG00000291194,blue
ENSG00000176788,turquoise
ENSG00000234616,turquoise
ENSG00000168092,turquoise
ENSG00000129625,turquoise
ENSG00000184857,turquoise
ENSG00000122122,red
ENSG00000205517,yellow
ENSG00000083812,turquoise
ENSG00000164841,turquoise
ENSG00000171045,turquoise
ENSG00000105402,turquoise
ENSG00000169246,turquoise
ENSG00000137135,grey
ENSG00000090989,turquoise
ENSG00000240891,turquoise
ENSG00000138018,turquoise
ENSG00000291006,turquoise
ENSG00000240720,turquoise
ENSG00000204186,turquoise
ENSG00000115602,green
ENSG00000071054,brown
ENSG00000138378,turquoise
ENSG00000174109,turquoise
ENSG00000152402,turquoise
ENSG00000092931,turquoise
ENSG00000232187,magenta
ENSG00000255182,turquoise
ENSG00000204351,turquoise
ENSG00000205037,turquoise
ENSG00000308263,turquoise
ENSG00000162062,turquoise
ENSG00000240038,turquoise
ENSG00000302679,grey
ENSG00000258736,turquoise
ENSG00000174944,grey
ENSG00000249158,turquoise
ENSG00000189280,grey
ENSG00000250305,turquoise
ENSG00000220842,grey
ENSG00000142627,green
ENSG00000287064,grey
ENSG00000163453,yellow
ENSG00000164466,turquoise
ENSG00000177989,green
ENSG00000177311,turquoise
ENSG00000111605,turquoise
ENSG00000105048,grey
ENSG00000289305,turquoise
ENSG00000089818,turquoise
ENSG00000100445,turquoise
ENSG00000176476,turquoise
ENSG00000147894,turquoise
ENSG00000169946,turquoise
ENSG00000173933,turquoise
ENSG00000130635,turquoise
ENSG00000142959,turquoise
ENSG00000105568,turquoise
ENSG00000204634,turquoise
ENSG00000082701,turquoise
ENSG00000289050,turquoise
ENSG00000228971,turquoise
ENSG00000127578,grey
ENSG00000201302,grey
ENSG00000179403,brown
ENSG00000147439,turquoise
ENSG00000198732,grey
ENSG00000069956,turquoise
ENSG00000196199,turquoise
ENSG00000164082,turquoise
ENSG00000180370,black
ENSG00000103257,turquoise
ENSG00000139714,turquoise
ENSG00000295909,grey
ENSG00000176165,turquoise
ENSG00000166411,turquoise
ENSG00000154767,blue
ENSG00000198700,turquoise
ENSG00000197976,turquoise
ENSG00000168672,brown
ENSG00000175155,turquoise
ENSG00000160224,turquoise
ENSG00000185666,turquoise
ENSG00000198677,turquoise
ENSG00000104976,grey
ENSG00000121297,turquoise
ENSG00000178921,turquoise
ENSG00000166091,brown
ENSG00000135924,turquoise
ENSG00000146216,turquoise
ENSG00000242866,turquoise
ENSG00000303863,grey
ENSG00000188486,grey
ENSG00000147724,turquoise
ENSG00000091428,grey
ENSG00000106617,turquoise
ENSG00000095587,turquoise
ENSG00000017483,grey
ENSG00000173226,turquoise
ENSG00000107560,turquoise
ENSG00000140992,turquoise
ENSG00000063244,turquoise
ENSG00000298353,turquoise
ENSG00000258559,blue
ENSG00000104888,turquoise
ENSG00000265519,grey
ENSG00000164597,turquoise
ENSG00000043462,turquoise
ENSG00000224945,grey
ENSG00000120669,grey
ENSG00000133401,turquoise
ENSG00000287611,turquoise
ENSG00000196290,turquoise
ENSG00000108798,red
ENSG00000250397,turquoise
ENSG00000290554,blue
ENSG00000149480,grey
ENSG00000158008,turquoise
ENSG00000136824,turquoise
ENSG00000108641,turquoise
ENSG00000141026,turquoise
ENSG00000121022,turquoise
ENSG00000176769,turquoise
ENSG00000302689,turquoise
ENSG00000200534,grey
ENSG00000111802,turquoise
ENSG00000299174,turquoise
ENSG00000163499,turquoise
ENSG00000241973,turquoise
ENSG00000168309,yellow
ENSG00000176953,turquoise
ENSG00000029363,turquoise
ENSG00000102977,grey
ENSG00000133135,turquoise
ENSG00000076826,turquoise
ENSG00000120539,turquoise
ENSG00000068354,turquoise
ENSG00000146426,turquoise
ENSG00000175567,red
ENSG00000115138,grey
ENSG00000180581,grey
ENSG00000048544,turquoise
ENSG00000141098,turquoise
ENSG00000166596,turquoise
ENSG00000137872,turquoise
ENSG00000116793,turquoise
ENSG00000145632,turquoise
ENSG00000128253,turquoise
ENSG00000125835,turquoise
ENSG00000182718,green
ENSG00000113504,grey
ENSG00000303604,turquoise
ENSG00000101199,turquoise
ENSG00000139597,turquoise
ENSG00000176422,turquoise
ENSG00000181218,turquoise
ENSG00000119547,turquoise
ENSG00000106479,blue
ENSG00000136933,turquoise
ENSG00000203772,turquoise
ENSG00000232149,grey
ENSG00000272163,turquoise
ENSG00000238917,blue
ENSG00000112659,turquoise
ENSG00000230415,turquoise
ENSG00000155858,turquoise
ENSG00000165752,turquoise
ENSG00000250584,turquoise
ENSG00000184313,grey
ENSG00000147509,yellow
ENSG00000139112,turquoise
ENSG00000139910,turquoise
ENSG00000111077,brown
ENSG00000137171,turquoise
ENSG00000197808,turquoise
ENSG00000213058,grey
ENSG00000165434,turquoise
ENSG00000204315,turquoise
ENSG00000267251,grey
ENSG00000107317,brown
ENSG00000300466,turquoise
ENSG00000110435,turquoise
ENSG00000119280,brown
ENSG00000091640,turquoise
ENSG00000163812,turquoise
ENSG00000187513,green
ENSG00000174529,grey
ENSG00000302022,grey
ENSG00000213123,turquoise
ENSG00000110104,turquoise
ENSG00000187773,brown
ENSG00000207507,grey
ENSG00000310418,grey
ENSG00000117000,turquoise
ENSG00000126246,green
ENSG00000095564,blue
ENSG00000164512,turquoise
ENSG00000263571,turquoise
ENSG00000289901,grey
ENSG00000260879,turquoise
ENSG00000144847,black
ENSG00000134184,grey
ENSG00000022556,turquoise
ENSG00000126950,turquoise
ENSG00000140090,turquoise
ENSG00000139131,turquoise
ENSG00000127824,turquoise
ENSG00000187189,turquoise
ENSG00000138381,turquoise
ENSG00000077279,turquoise
ENSG00000174456,turquoise
ENSG00000169221,turquoise
ENSG00000266931,grey
ENSG00000210156,grey
ENSG00000103245,turquoise
ENSG00000116922,turquoise
ENSG00000299216,turquoise
ENSG00000171951,turquoise
ENSG00000248487,turquoise
ENSG00000186377,turquoise
ENSG00000171314,turquoise
ENSG00000197119,blue
ENSG00000207523,grey
ENSG00000008086,turquoise
ENSG00000289402,turquoise
ENSG00000196950,turquoise
ENSG00000132639,turquoise
ENSG00000100852,black
ENSG00000165757,turquoise
ENSG00000279675,turquoise
ENSG00000060339,turquoise
ENSG00000133318,turquoise
ENSG00000118733,turquoise
ENSG00000177613,turquoise
ENSG00000169914,turquoise
ENSG00000108852,turquoise
ENSG00000114948,turquoise
ENSG00000144597,turquoise
ENSG00000139625,turquoise
ENSG00000108106,turquoise
ENSG00000278291,turquoise
ENSG00000163191,green
ENSG00000230051,grey
ENSG00000100600,turquoise
ENSG00000162104,turquoise
ENSG00000171714,turquoise
ENSG00000175161,turquoise
ENSG00000154134,grey
ENSG00000257218,turquoise
ENSG00000108684,grey
ENSG00000253719,turquoise
ENSG00000121413,turquoise
ENSG00000101442,turquoise
ENSG00000005810,turquoise
ENSG00000166897,turquoise
ENSG00000121871,turquoise
ENSG00000102683,turquoise
ENSG00000170091,turquoise
ENSG00000128266,turquoise
ENSG00000168495,turquoise
ENSG00000276855,grey
ENSG00000074842,turquoise
ENSG00000107968,green
ENSG00000168610,green
ENSG00000085511,turquoise
ENSG00000278962,turquoise
ENSG00000102178,turquoise
ENSG00000063015,turquoise
ENSG00000197582,grey
ENSG00000163221,grey
ENSG00000267002,turquoise
ENSG00000182836,turquoise
ENSG00000174276,grey
ENSG00000186462,turquoise
ENSG00000162782,turquoise
ENSG00000113522,turquoise
ENSG00000066629,turquoise
ENSG00000085788,turquoise
ENSG00000273367,turquoise
ENSG00000025423,yellow
ENSG00000177459,turquoise
ENSG00000166333,blue
ENSG00000113805,turquoise
ENSG00000137124,turquoise
ENSG00000134897,turquoise
ENSG00000163132,grey
ENSG00000156017,turquoise
ENSG00000183186,turquoise
ENSG00000099246,turquoise
ENSG00000304119,turquoise
ENSG00000068971,turquoise
ENSG00000163618,turquoise
ENSG00000174106,turquoise
ENSG00000115966,turquoise
ENSG00000107562,grey
ENSG00000082684,turquoise
ENSG00000275131,blue
ENSG00000148948,turquoise
ENSG00000141750,turquoise
ENSG00000163319,turquoise
ENSG00000254187,turquoise
ENSG00000231245,grey
ENSG00000135919,black
ENSG00000109929,turquoise
ENSG00000182134,turquoise
ENSG00000103540,blue
ENSG00000275286,grey
ENSG00000080947,grey
ENSG00000143322,turquoise
ENSG00000116161,turquoise
ENSG00000167992,turquoise
ENSG00000107281,turquoise
ENSG00000120645,turquoise
ENSG00000162909,black
ENSG00000064225,turquoise
ENSG00000151135,turquoise
ENSG00000267368,grey
ENSG00000165474,yellow
ENSG00000126267,turquoise
ENSG00000186106,turquoise
ENSG00000257464,grey
ENSG00000161395,turquoise
ENSG00000114745,turquoise
ENSG00000130309,turquoise
ENSG00000121057,turquoise
ENSG00000151117,turquoise
ENSG00000279619,turquoise
ENSG00000112685,turquoise
ENSG00000186787,turquoise
ENSG00000215717,turquoise
ENSG00000273350,grey
ENSG00000135587,turquoise
ENSG00000089091,turquoise
ENSG00000137491,grey
ENSG00000171695,pink
ENSG00000167851,red
ENSG00000287652,grey
ENSG00000271447,yellow
ENSG00000200610,turquoise
ENSG00000106605,turquoise
ENSG00000166446,turquoise
ENSG00000087448,turquoise
ENSG00000149575,turquoise
ENSG00000167110,turquoise
ENSG00000225783,turquoise
ENSG00000140694,turquoise
ENSG00000103855,turquoise
ENSG00000121152,blue
ENSG00000131238,turquoise
ENSG00000013288,turquoise
ENSG00000293313,turquoise
ENSG00000229921,grey
ENSG00000201134,turquoise
ENSG00000033327,brown
ENSG00000064547,turquoise
ENSG00000165238,turquoise
ENSG00000133597,turquoise
ENSG00000222915,grey
ENSG00000286342,turquoise
ENSG00000128335,turquoise
ENSG00000114631,turquoise
ENSG00000149499,yellow
ENSG00000054690,brown
ENSG00000135046,green
ENSG00000156103,turquoise
ENSG00000162627,turquoise
ENSG00000112210,turquoise
ENSG00000169918,turquoise
ENSG00000198746,turquoise
ENSG00000304870,turquoise
ENSG00000146067,turquoise
